-- phpMyAdmin SQL Dump
-- version 5.2.1-1.el8
-- https://www.phpmyadmin.net/
--
-- Хост: localhost
-- Время создания: Мар 14 2026 г., 07:26
-- Версия сервера: 8.0.25-15
-- Версия PHP: 8.2.30

SET SQL_MODE = "NO_AUTO_VALUE_ON_ZERO";
START TRANSACTION;
SET time_zone = "+00:00";


/*!40101 SET @OLD_CHARACTER_SET_CLIENT=@@CHARACTER_SET_CLIENT */;
/*!40101 SET @OLD_CHARACTER_SET_RESULTS=@@CHARACTER_SET_RESULTS */;
/*!40101 SET @OLD_COLLATION_CONNECTION=@@COLLATION_CONNECTION */;
/*!40101 SET NAMES utf8mb4 */;

--
-- База данных: `u3299792_gradehub`
--

-- --------------------------------------------------------

--
-- Структура таблицы `assessment_system`
--

CREATE TABLE `assessment_system` (
  `evaluation` int NOT NULL,
  `percentage` int NOT NULL
) ENGINE=InnoDB DEFAULT CHARSET=utf8mb4 COLLATE=utf8mb4_unicode_ci;

--
-- Дамп данных таблицы `assessment_system`
--

INSERT INTO `assessment_system` (`evaluation`, `percentage`) VALUES
(2, 58),
(3, 75),
(4, 87),
(5, 100);

-- --------------------------------------------------------

--
-- Структура таблицы `courses`
--

CREATE TABLE `courses` (
  `course_id` int NOT NULL,
  `name_course` varchar(256) CHARACTER SET utf8mb4 COLLATE utf8mb4_unicode_ci NOT NULL
) ENGINE=InnoDB DEFAULT CHARSET=utf8mb4 COLLATE=utf8mb4_unicode_ci;

--
-- Дамп данных таблицы `courses`
--

INSERT INTO `courses` (`course_id`, `name_course`) VALUES
(10, 'Проектирование и разработка Веб-приложений'),
(11, 'Обеспечение безопасности Веб-приложений'),
(12, 'Оптимизация Веб-приложений'),
(13, 'Основы управления работой Веб-ресурсов'),
(14, 'Работа в системе управления контентом');

-- --------------------------------------------------------

--
-- Структура таблицы `courses_group`
--

CREATE TABLE `courses_group` (
  `courses_group_id` int NOT NULL,
  `course_id` int NOT NULL,
  `group_id` int NOT NULL
) ENGINE=InnoDB DEFAULT CHARSET=utf8mb4 COLLATE=utf8mb4_unicode_ci;

--
-- Дамп данных таблицы `courses_group`
--

INSERT INTO `courses_group` (`courses_group_id`, `course_id`, `group_id`) VALUES
(43, 10, 18),
(44, 10, 19),
(45, 10, 20),
(46, 11, 18),
(47, 11, 19),
(48, 11, 20),
(49, 12, 18),
(50, 12, 19),
(51, 12, 20),
(52, 13, 21),
(53, 13, 22),
(54, 14, 21),
(55, 14, 22);

-- --------------------------------------------------------

--
-- Структура таблицы `groups`
--

CREATE TABLE `groups` (
  `group_id` int NOT NULL,
  `name_group` varchar(20) CHARACTER SET utf8mb4 COLLATE utf8mb4_unicode_ci NOT NULL
) ENGINE=InnoDB DEFAULT CHARSET=utf8mb4 COLLATE=utf8mb4_unicode_ci;

--
-- Дамп данных таблицы `groups`
--

INSERT INTO `groups` (`group_id`, `name_group`) VALUES
(18, 'Ис-418'),
(19, 'Ис-419'),
(20, 'Ис-421'),
(21, 'Ои-203'),
(22, 'Ои-204');

-- --------------------------------------------------------

--
-- Структура таблицы `lessons`
--

CREATE TABLE `lessons` (
  `lesson_id` int NOT NULL,
  `lesson_name` text CHARACTER SET utf8mb4 COLLATE utf8mb4_unicode_ci NOT NULL,
  `course_id` int NOT NULL
) ENGINE=InnoDB DEFAULT CHARSET=utf8mb4 COLLATE=utf8mb4_unicode_ci;

--
-- Дамп данных таблицы `lessons`
--

INSERT INTO `lessons` (`lesson_id`, `lesson_name`, `course_id`) VALUES
(80, 'Раздел 1.1. Создание семантической разметки', 10),
(82, 'Раздел 2.1. Селекторы. Знакомство', 10),
(83, 'Раздел 2.2. Наследование и каскадирование', 10),
(84, 'Раздел 2.3. Фоны. Знакомство', 10),
(90, 'Раздел 3.5. Задания по проекту', 10),
(92, 'Раздел 4.1. Блочная модель документа', 10),
(93, 'Раздел 4.2. Позиционирование', 10),
(95, 'Раздел 5.1. Сетки', 10),
(96, 'Раздел 5.2. Микросетки. Начало', 10),
(97, 'Раздел 5.3. Микросетки. Продолжение', 10),
(99, 'Раздел 6.1. Построение сетки', 10),
(100, 'Раздел 6.2. Строим сетку страницы', 10),
(101, 'Раздел 6.3. Добавляем в проект блок Галерея', 10),
(103, 'Раздел 7.1. Вёрстка компонента «Карточки товаров»', 10),
(104, 'Раздел 7.2 Вёрстка компонента «Текстовая статья с метаданными»', 10),
(105, 'Раздел 7.3 Вёрстка компонентов \"Блок контактов\"', 10),
(106, 'Раздел 7.4 Вёрстка компонента \"Шапка сайта\"', 10),
(107, 'Раздел 7.5 Вёрстка компонента \"Галерея\"', 10),
(108, 'Раздел 7.6 Вёрстка компонента \"Подвал сайта\"', 10),
(109, 'Раздел 7.7 Заканчиваем вёрстку компонентов', 10),
(124, 'Раздел 6.3. Добавляем в проект блок Галерея', 10),
(125, 'Раздел 7. Верстка компонентов интерфейса по макету', 10),
(126, 'Раздел 7.1. Вёрстка компонента «Карточки товаров»', 10),
(127, 'Раздел 7.2 Вёрстка компонента «Текстовая статья с метаданными»', 10),
(128, 'Раздел 7.3 Вёрстка компонентов \"Блок контактов\"', 10),
(129, 'Раздел 7.4 Вёрстка компонента \"Шапка сайта\"', 10),
(130, 'Раздел 7.5 Вёрстка компонента \"Галерея\"', 10),
(131, 'Раздел 7.6 Вёрстка компонента \"Подвал сайта\"', 10),
(132, 'Раздел 7.7 Заканчиваем вёрстку компонентов', 10),
(136, 'Раздел 1.1. Создание семантической разметки', 13),
(137, 'Раздел 2.1. Селекторы. Знакомство', 13),
(138, 'Раздел 2.2. Наследование и каскадирование', 13),
(139, 'Раздел 2.3. Фоны. Знакомство', 13),
(141, 'Раздел 3.5. Задания по проекту', 13),
(142, 'Раздел 4.1. Блочная модель документа', 13),
(143, 'Раздел 4.2. Позиционирование', 13),
(144, 'Раздел 5.1. Сетки', 13),
(145, 'Раздел 5.2. Микросетки. Начало', 13),
(146, 'Раздел 5.3. Микросетки. Продолжение', 13),
(147, 'Раздел 6.1. Построение сетки', 13),
(148, 'Раздел 6.2. Строим сетку страницы', 13),
(149, 'Раздел 6.3. Добавляем в проект блок Галерея', 13),
(150, 'Раздел 7.1. Вёрстка компонента «Карточки товаров»', 13),
(151, 'Раздел 7.2 Вёрстка компонента «Текстовая статья с метаданными»', 13),
(152, 'Раздел 7.3 Вёрстка компонентов \"Блок контактов\"', 13),
(153, 'Раздел 1.1. Создание семантической разметки', 11),
(154, 'Раздел 2.1. Селекторы. Знакомство', 11),
(155, 'Раздел 2.2. Наследование и каскадирование', 11),
(156, 'Раздел 2.3. Фоны. Знакомство', 11),
(157, 'Раздел 3.5. Задания по проекту', 11),
(158, 'Раздел 4.1. Блочная модель документа', 11),
(159, 'Раздел 4.2. Позиционирование', 11),
(160, 'Раздел 5.1. Сетки', 11),
(161, 'Раздел 5.2. Микросетки. Начало', 11),
(162, 'Раздел 5.3. Микросетки. Продолжение', 11),
(163, 'Раздел 6.1. Построение сетки', 11),
(164, 'Раздел 1.1. Создание семантической разметки', 12),
(165, 'Раздел 2.1. Селекторы. Знакомство', 12),
(166, 'Раздел 2.2. Наследование и каскадирование', 12),
(167, 'Раздел 2.3. Фоны. Знакомство', 12),
(168, 'Раздел 3.5. Задания по проекту', 12),
(169, 'Раздел 4.1. Блочная модель документа', 12),
(170, 'Раздел 4.2. Позиционирование', 12),
(171, 'Раздел 5.1. Сетки', 12),
(172, 'Раздел 5.2. Микросетки. Начало', 12),
(173, 'Раздел 5.3. Микросетки. Продолжение', 12),
(174, 'Раздел 6.1. Построение сетки', 12),
(175, 'Раздел 1.1. Создание семантической разметки', 14),
(176, 'Раздел 2.1. Селекторы. Знакомство', 14),
(177, 'Раздел 2.2. Наследование и каскадирование', 14),
(178, 'Раздел 2.3. Фоны. Знакомство', 14),
(179, 'Раздел 3.5. Задания по проекту', 14),
(180, 'Раздел 4.1. Блочная модель документа', 14),
(181, 'Раздел 4.2. Позиционирование', 14),
(182, 'Раздел 5.1. Сетки', 14),
(183, 'Раздел 5.2. Микросетки. Начало', 14),
(184, 'Раздел 5.3. Микросетки. Продолжение', 14),
(185, 'Раздел 6.1. Построение сетки', 14),
(186, 'Раздел 6.2 Строим сетку страницы', 14),
(187, 'Раздел 6.3. Добавляем в проект блок Галерея', 14),
(188, 'Раздел 6.2. Строим сетку страницы', 11),
(189, 'Раздел 6.3. Добавляем в проект блок Галерея', 11),
(190, 'Раздел 7.1. Верстка компонента \"Карточки товаров\"', 11),
(191, 'Раздел 7.2. Верстка компонента \"Текстовая статья с метаданными\"', 11),
(192, 'Раздел 7.3. Верстка компонентов \"Блок контактов\"', 11),
(193, 'Раздел 7.4. Верстка компонента \"Шапка сайта\"', 11),
(194, 'Раздел 7.5. Верстка компонента \"Галерея\"', 11),
(195, 'Раздел 7.6. Верстка компонента \"Подвал сайта\"', 11),
(196, 'Раздел 7.7. Заканчиваем верстку компонентов', 11),
(197, 'Раздел 6.2. Строим сетку страницы', 12),
(198, 'Раздел 6.3. Добавляем в проект блок Галерея', 12),
(199, 'Раздел 7.1. Верстка компонента \"Карточки товаров\"', 12),
(200, 'Раздел 7.2. Верстка компонента \"Текстовая статья с метаданными\"', 12),
(201, 'Раздел 7.3. Верстка компонентов \"Блок контактов\"', 12),
(202, 'Раздел 7.4. Верстка компонента \"Шапка сайта\"', 12),
(203, 'Раздел 7.5. Верстка компонента \"Галерея\"', 12),
(204, 'Раздел 7.6. Верстка компонента \"Подвал сайта\"', 12),
(205, 'Раздел 7.7. Заканчиваем верстку компонентов', 12);

-- --------------------------------------------------------

--
-- Структура таблицы `lessons_group`
--

CREATE TABLE `lessons_group` (
  `lessons_group_id` int NOT NULL,
  `lesson_id` int NOT NULL,
  `group_id` int NOT NULL
) ENGINE=InnoDB DEFAULT CHARSET=utf8mb4 COLLATE=utf8mb4_unicode_ci;

--
-- Дамп данных таблицы `lessons_group`
--

INSERT INTO `lessons_group` (`lessons_group_id`, `lesson_id`, `group_id`) VALUES
(110, 82, 18),
(112, 84, 18),
(118, 90, 18),
(120, 92, 18),
(121, 93, 18),
(123, 95, 18),
(124, 96, 18),
(125, 97, 18),
(127, 99, 18),
(128, 80, 19),
(130, 83, 19),
(131, 84, 19),
(132, 90, 19),
(133, 92, 19),
(134, 93, 19),
(135, 95, 19),
(136, 96, 19),
(137, 97, 19),
(138, 99, 19),
(140, 80, 18),
(141, 80, 20),
(142, 82, 20),
(143, 83, 20),
(144, 84, 20),
(145, 90, 20),
(146, 92, 20),
(147, 93, 20),
(148, 95, 20),
(149, 96, 20),
(150, 97, 20),
(151, 99, 20),
(182, 137, 21),
(183, 138, 21),
(184, 139, 21),
(185, 141, 21),
(186, 142, 21),
(187, 143, 21),
(188, 144, 21),
(189, 145, 21),
(190, 146, 21),
(191, 147, 21),
(192, 136, 22),
(193, 137, 22),
(194, 138, 22),
(195, 139, 22),
(196, 141, 22),
(197, 142, 22),
(198, 143, 22),
(199, 144, 22),
(200, 145, 22),
(201, 146, 22),
(202, 147, 22),
(203, 153, 18),
(204, 154, 18),
(205, 155, 18),
(206, 156, 18),
(207, 157, 18),
(208, 158, 18),
(209, 159, 18),
(210, 160, 18),
(211, 161, 18),
(212, 162, 18),
(213, 163, 18),
(214, 83, 18),
(215, 164, 18),
(216, 165, 18),
(217, 166, 18),
(218, 167, 18),
(219, 168, 18),
(220, 169, 18),
(221, 170, 18),
(222, 171, 18),
(223, 172, 18),
(224, 173, 18),
(225, 174, 18),
(226, 100, 19),
(227, 153, 19),
(228, 154, 19),
(229, 155, 19),
(230, 156, 19),
(231, 157, 19),
(232, 158, 19),
(233, 159, 19),
(234, 160, 19),
(235, 161, 19),
(236, 162, 19),
(237, 163, 19),
(238, 164, 19),
(239, 165, 19),
(240, 166, 19),
(241, 167, 19),
(242, 168, 19),
(243, 169, 19),
(244, 170, 19),
(245, 171, 19),
(246, 172, 19),
(247, 173, 19),
(248, 174, 19),
(249, 153, 20),
(251, 155, 20),
(252, 156, 20),
(253, 157, 20),
(254, 158, 20),
(255, 159, 20),
(256, 160, 20),
(257, 161, 20),
(258, 162, 20),
(259, 163, 20),
(260, 154, 20),
(261, 164, 20),
(262, 165, 20),
(263, 166, 20),
(264, 167, 20),
(265, 168, 20),
(266, 169, 20),
(267, 170, 20),
(268, 171, 20),
(269, 172, 20),
(270, 173, 20),
(271, 174, 20),
(272, 175, 22),
(273, 176, 22),
(274, 177, 22),
(275, 178, 22),
(276, 179, 22),
(277, 180, 22),
(278, 181, 22),
(279, 182, 22),
(280, 183, 22),
(281, 184, 22),
(282, 185, 22),
(283, 136, 21),
(284, 175, 21),
(285, 176, 21),
(286, 177, 21),
(287, 178, 21),
(288, 179, 21),
(289, 180, 21),
(290, 181, 21),
(291, 182, 21),
(292, 183, 21),
(293, 184, 21),
(294, 185, 21),
(295, 148, 22),
(296, 149, 22),
(297, 186, 22),
(298, 187, 22),
(299, 148, 21),
(300, 149, 21),
(301, 186, 21),
(302, 187, 21),
(303, 100, 18),
(304, 101, 18),
(305, 103, 18),
(306, 104, 18),
(307, 105, 18),
(308, 106, 18),
(309, 107, 18),
(310, 108, 18),
(311, 109, 18),
(312, 188, 18),
(313, 189, 18),
(314, 190, 18),
(315, 191, 18),
(316, 192, 18),
(317, 193, 18),
(318, 194, 18),
(319, 195, 18),
(320, 196, 18),
(321, 197, 18),
(322, 198, 18),
(323, 199, 18),
(324, 200, 18),
(325, 201, 18),
(326, 202, 18),
(327, 203, 18),
(328, 204, 18),
(329, 205, 18),
(330, 101, 19),
(331, 103, 19),
(332, 104, 19),
(333, 105, 19),
(334, 106, 19),
(335, 107, 19),
(336, 108, 19),
(337, 109, 19),
(338, 82, 19),
(339, 188, 19),
(340, 189, 19),
(341, 190, 19),
(342, 191, 19),
(343, 192, 19),
(344, 193, 19),
(345, 194, 19),
(346, 195, 19),
(347, 196, 19),
(348, 197, 19),
(349, 198, 19),
(350, 199, 19),
(351, 200, 19),
(352, 201, 19),
(353, 202, 19),
(354, 203, 19),
(355, 204, 19),
(356, 205, 19),
(357, 100, 20),
(358, 101, 20),
(359, 103, 20),
(360, 104, 20),
(361, 105, 20),
(362, 106, 20),
(363, 107, 20),
(364, 108, 20),
(365, 109, 20),
(366, 188, 20),
(367, 189, 20),
(368, 190, 20),
(369, 191, 20),
(370, 192, 20),
(371, 193, 20),
(372, 194, 20),
(373, 195, 20),
(374, 196, 20),
(375, 197, 20),
(376, 198, 20),
(377, 199, 20),
(378, 200, 20),
(379, 201, 20),
(380, 202, 20),
(381, 203, 20),
(382, 204, 20),
(383, 205, 20);

-- --------------------------------------------------------

--
-- Структура таблицы `lessons_group_student`
--

CREATE TABLE `lessons_group_student` (
  `lessons_group_student_id` int NOT NULL,
  `lessons_group_id` int NOT NULL,
  `student_id` int NOT NULL,
  `student_grade` int NOT NULL DEFAULT '0'
) ENGINE=InnoDB DEFAULT CHARSET=utf8mb4 COLLATE=utf8mb4_unicode_ci;

--
-- Дамп данных таблицы `lessons_group_student`
--

INSERT INTO `lessons_group_student` (`lessons_group_student_id`, `lessons_group_id`, `student_id`, `student_grade`) VALUES
(162, 110, 20, 1),
(164, 112, 20, 1),
(165, 118, 20, 1),
(166, 120, 20, 1),
(167, 121, 20, 1),
(168, 123, 20, 1),
(169, 124, 20, 1),
(171, 110, 22, 1),
(172, 112, 22, 1),
(173, 120, 22, 1),
(175, 110, 23, 1),
(177, 112, 23, 1),
(179, 112, 24, 1),
(180, 120, 24, 1),
(181, 121, 24, 1),
(184, 110, 26, 1),
(186, 112, 26, 1),
(187, 120, 26, 1),
(189, 110, 28, 1),
(191, 112, 28, 1),
(192, 118, 28, 1),
(193, 120, 28, 1),
(194, 121, 28, 1),
(195, 123, 28, 1),
(196, 124, 28, 1),
(197, 125, 28, 1),
(198, 110, 29, 1),
(199, 112, 29, 1),
(200, 120, 29, 1),
(201, 121, 29, 1),
(203, 110, 30, 1),
(204, 112, 30, 1),
(206, 110, 31, 1),
(208, 112, 31, 1),
(209, 112, 32, 1),
(211, 110, 33, 1),
(213, 112, 33, 1),
(214, 118, 33, 1),
(215, 120, 33, 1),
(216, 121, 33, 1),
(217, 123, 33, 1),
(219, 112, 34, 1),
(220, 118, 34, 1),
(221, 120, 34, 1),
(222, 121, 34, 1),
(223, 123, 34, 1),
(224, 124, 34, 1),
(227, 110, 38, 1),
(229, 112, 38, 1),
(230, 120, 38, 1),
(231, 121, 38, 1),
(232, 123, 38, 1),
(234, 110, 41, 1),
(236, 112, 41, 1),
(237, 120, 41, 1),
(238, 121, 41, 1),
(239, 112, 43, 1),
(240, 120, 43, 1),
(241, 110, 44, 1),
(243, 112, 44, 1),
(244, 118, 44, 1),
(245, 120, 44, 1),
(246, 121, 44, 1),
(247, 128, 45, 1),
(248, 128, 46, 1),
(249, 128, 50, 1),
(251, 130, 50, 1),
(252, 131, 50, 1),
(253, 132, 50, 1),
(254, 133, 50, 1),
(255, 134, 50, 1),
(256, 135, 50, 1),
(261, 140, 20, 1),
(262, 140, 22, 1),
(263, 140, 23, 1),
(264, 140, 25, 1),
(265, 140, 26, 1),
(266, 140, 28, 1),
(267, 140, 30, 1),
(268, 140, 31, 1),
(269, 140, 33, 1),
(270, 140, 36, 1),
(271, 140, 38, 1),
(272, 140, 41, 1),
(273, 128, 63, 1),
(275, 130, 63, 1),
(276, 131, 63, 1),
(277, 128, 67, 1),
(279, 133, 67, 1),
(280, 128, 68, 1),
(282, 130, 68, 1),
(283, 131, 68, 1),
(284, 132, 68, 1),
(285, 133, 68, 1),
(287, 130, 69, 1),
(288, 142, 74, 1),
(289, 143, 74, 1),
(290, 141, 75, 1),
(291, 144, 75, 1),
(292, 146, 75, 1),
(293, 147, 75, 1),
(294, 148, 75, 1),
(295, 143, 77, 1),
(296, 141, 88, 1),
(297, 142, 90, 1),
(298, 143, 90, 1),
(299, 144, 90, 1),
(300, 142, 92, 1),
(301, 143, 92, 1),
(302, 144, 92, 1),
(303, 145, 92, 1),
(304, 146, 92, 1),
(305, 147, 92, 1),
(306, 142, 94, 1),
(319, 182, 104, 1),
(320, 183, 104, 1),
(321, 184, 104, 1),
(322, 185, 104, 1),
(326, 125, 20, 1),
(327, 127, 20, 1),
(330, 118, 23, 1),
(331, 120, 23, 1),
(332, 121, 23, 1),
(333, 123, 23, 1),
(334, 124, 23, 1),
(335, 118, 24, 1),
(336, 123, 24, 1),
(337, 124, 24, 1),
(338, 125, 24, 1),
(340, 120, 30, 1),
(341, 120, 31, 1),
(342, 110, 32, 1),
(343, 120, 32, 1),
(344, 121, 32, 1),
(345, 125, 33, 1),
(346, 125, 34, 1),
(347, 127, 34, 1),
(348, 140, 35, 1),
(349, 110, 35, 1),
(351, 112, 35, 1),
(352, 118, 35, 1),
(353, 120, 35, 1),
(354, 121, 35, 1),
(355, 123, 35, 1),
(356, 124, 35, 1),
(357, 125, 35, 1),
(358, 110, 36, 1),
(359, 110, 36, 1),
(360, 140, 42, 1),
(361, 112, 42, 1),
(362, 120, 42, 1),
(363, 140, 43, 1),
(364, 123, 44, 1),
(365, 124, 44, 1),
(366, 125, 44, 1),
(367, 203, 20, 1),
(368, 204, 20, 1),
(369, 205, 20, 1),
(370, 206, 20, 1),
(371, 207, 20, 1),
(372, 208, 20, 1),
(373, 209, 20, 1),
(374, 210, 20, 1),
(375, 211, 20, 1),
(376, 212, 20, 1),
(377, 213, 20, 1),
(378, 203, 22, 1),
(379, 204, 22, 1),
(380, 205, 22, 1),
(381, 207, 22, 1),
(382, 214, 20, 1),
(383, 214, 23, 1),
(384, 214, 24, 1),
(385, 214, 26, 1),
(386, 214, 28, 1),
(387, 214, 30, 1),
(388, 214, 31, 1),
(389, 214, 33, 1),
(390, 214, 34, 1),
(391, 214, 35, 1),
(392, 214, 38, 1),
(393, 214, 41, 1),
(394, 214, 44, 1),
(395, 206, 22, 1),
(396, 208, 22, 1),
(397, 203, 23, 1),
(398, 204, 23, 1),
(399, 205, 23, 1),
(400, 206, 23, 1),
(401, 207, 23, 1),
(402, 208, 23, 1),
(403, 209, 23, 1),
(404, 210, 23, 1),
(405, 211, 23, 1),
(406, 205, 24, 1),
(407, 206, 24, 1),
(408, 207, 24, 1),
(409, 208, 24, 1),
(410, 209, 24, 1),
(411, 210, 24, 1),
(412, 212, 24, 1),
(413, 211, 24, 1),
(414, 203, 25, 1),
(415, 203, 26, 1),
(416, 204, 26, 1),
(417, 205, 26, 1),
(418, 206, 26, 1),
(419, 208, 26, 1),
(420, 203, 28, 1),
(421, 204, 28, 1),
(422, 205, 28, 1),
(423, 206, 28, 1),
(424, 207, 28, 1),
(425, 208, 28, 1),
(426, 209, 28, 1),
(427, 210, 28, 1),
(428, 211, 28, 1),
(429, 212, 28, 1),
(430, 204, 29, 1),
(431, 206, 29, 1),
(432, 208, 29, 1),
(433, 209, 29, 1),
(434, 203, 30, 1),
(435, 204, 30, 1),
(436, 205, 30, 1),
(437, 206, 30, 1),
(438, 208, 30, 1),
(439, 203, 31, 1),
(440, 204, 31, 1),
(441, 205, 31, 1),
(442, 206, 31, 1),
(443, 208, 31, 1),
(444, 204, 32, 1),
(445, 206, 32, 1),
(446, 208, 32, 1),
(447, 209, 32, 1),
(448, 203, 33, 1),
(449, 204, 33, 1),
(450, 205, 33, 1),
(451, 206, 33, 1),
(452, 207, 33, 1),
(453, 208, 33, 1),
(454, 209, 33, 1),
(455, 210, 33, 1),
(456, 212, 33, 1),
(457, 205, 34, 1),
(458, 206, 34, 1),
(459, 207, 34, 1),
(460, 208, 34, 1),
(461, 209, 34, 1),
(462, 210, 34, 1),
(463, 211, 34, 1),
(464, 212, 34, 1),
(465, 213, 34, 1),
(466, 203, 35, 1),
(467, 203, 35, 0),
(468, 203, 35, 0),
(469, 204, 35, 1),
(470, 205, 35, 1),
(471, 206, 35, 1),
(472, 207, 35, 1),
(473, 208, 35, 1),
(474, 209, 35, 1),
(475, 210, 35, 1),
(476, 211, 35, 1),
(477, 212, 35, 1),
(478, 203, 36, 1),
(479, 204, 36, 1),
(480, 203, 38, 1),
(481, 204, 38, 1),
(482, 205, 38, 1),
(483, 206, 38, 1),
(484, 208, 38, 1),
(485, 209, 38, 1),
(486, 210, 38, 1),
(487, 203, 41, 1),
(488, 204, 41, 1),
(489, 205, 41, 1),
(490, 206, 41, 1),
(491, 208, 41, 1),
(492, 209, 41, 1),
(493, 203, 42, 1),
(494, 206, 42, 1),
(495, 208, 42, 1),
(496, 203, 43, 1),
(497, 205, 43, 0),
(498, 205, 43, 1),
(499, 206, 43, 1),
(500, 208, 43, 1),
(501, 204, 44, 1),
(502, 205, 44, 1),
(503, 206, 44, 1),
(504, 207, 44, 1),
(505, 208, 44, 1),
(506, 209, 44, 1),
(507, 210, 44, 1),
(508, 211, 44, 1),
(509, 212, 44, 1),
(510, 215, 20, 1),
(511, 216, 20, 1),
(512, 217, 20, 1),
(513, 218, 20, 1),
(514, 219, 20, 1),
(515, 220, 20, 1),
(516, 221, 20, 1),
(517, 222, 20, 1),
(518, 223, 20, 1),
(519, 224, 20, 1),
(520, 225, 20, 1),
(521, 215, 22, 1),
(522, 216, 22, 1),
(523, 218, 22, 1),
(524, 220, 22, 1),
(525, 215, 23, 1),
(526, 216, 23, 1),
(527, 217, 23, 1),
(528, 218, 23, 1),
(529, 219, 23, 1),
(530, 220, 23, 1),
(531, 221, 23, 1),
(532, 222, 23, 1),
(533, 223, 23, 1),
(534, 217, 24, 1),
(535, 218, 24, 1),
(536, 219, 24, 1),
(537, 220, 24, 1),
(538, 221, 24, 1),
(539, 222, 24, 1),
(540, 223, 24, 1),
(541, 224, 24, 1),
(542, 215, 25, 1),
(543, 215, 26, 1),
(544, 216, 26, 1),
(545, 217, 26, 1),
(546, 218, 26, 1),
(547, 220, 26, 1),
(548, 215, 28, 1),
(549, 222, 28, 1),
(550, 220, 28, 1),
(551, 219, 28, 1),
(552, 217, 28, 1),
(553, 218, 28, 1),
(554, 216, 28, 1),
(555, 221, 28, 1),
(556, 224, 28, 1),
(557, 223, 28, 1),
(558, 216, 29, 1),
(559, 218, 29, 1),
(560, 220, 29, 1),
(561, 221, 29, 1),
(562, 215, 30, 1),
(563, 216, 30, 1),
(564, 217, 30, 1),
(565, 218, 30, 1),
(566, 220, 30, 1),
(567, 215, 31, 1),
(568, 216, 31, 1),
(569, 217, 31, 1),
(570, 218, 31, 1),
(571, 220, 31, 1),
(572, 216, 32, 1),
(573, 218, 32, 1),
(574, 220, 32, 1),
(575, 221, 32, 1),
(576, 215, 33, 1),
(577, 216, 33, 1),
(578, 217, 33, 1),
(579, 218, 33, 1),
(580, 219, 33, 1),
(581, 220, 33, 1),
(582, 221, 33, 1),
(583, 222, 33, 1),
(584, 224, 33, 1),
(585, 217, 34, 1),
(586, 218, 34, 1),
(587, 219, 34, 1),
(588, 220, 34, 1),
(589, 221, 34, 1),
(590, 222, 34, 1),
(591, 223, 34, 1),
(592, 224, 34, 1),
(593, 225, 34, 1),
(594, 215, 35, 1),
(595, 216, 35, 1),
(596, 217, 35, 1),
(597, 218, 35, 1),
(598, 219, 35, 1),
(599, 220, 35, 1),
(600, 221, 35, 1),
(601, 222, 35, 1),
(602, 223, 35, 1),
(603, 224, 35, 1),
(604, 215, 36, 1),
(605, 216, 36, 1),
(606, 215, 38, 1),
(607, 216, 38, 1),
(608, 217, 38, 1),
(609, 218, 38, 1),
(610, 220, 38, 1),
(611, 221, 38, 1),
(612, 222, 38, 1),
(613, 215, 41, 1),
(614, 216, 41, 1),
(615, 217, 41, 1),
(616, 218, 41, 1),
(617, 220, 41, 1),
(618, 221, 41, 1),
(619, 215, 42, 1),
(620, 218, 42, 1),
(621, 220, 42, 1),
(622, 215, 43, 1),
(623, 218, 43, 1),
(624, 220, 43, 1),
(625, 216, 44, 1),
(626, 217, 44, 1),
(627, 218, 44, 1),
(628, 219, 44, 1),
(629, 220, 44, 1),
(630, 221, 44, 1),
(631, 222, 44, 1),
(632, 223, 44, 1),
(633, 224, 44, 1),
(636, 128, 49, 1),
(637, 136, 50, 1),
(638, 137, 50, 1),
(639, 138, 50, 1),
(640, 226, 50, 1),
(641, 128, 59, 1),
(642, 128, 64, 1),
(644, 130, 64, 1),
(645, 131, 64, 1),
(646, 132, 64, 1),
(647, 133, 64, 1),
(648, 134, 64, 1),
(649, 135, 64, 1),
(650, 130, 67, 1),
(651, 131, 67, 1),
(652, 132, 67, 1),
(653, 134, 67, 1),
(654, 135, 67, 1),
(655, 134, 68, 1),
(656, 136, 68, 1),
(657, 131, 69, 1),
(658, 133, 69, 1),
(660, 130, 72, 1),
(661, 131, 72, 1),
(662, 227, 46, 1),
(663, 228, 46, 0),
(664, 227, 49, 1),
(665, 227, 50, 1),
(666, 228, 50, 1),
(667, 229, 50, 1),
(668, 230, 50, 1),
(669, 231, 50, 1),
(670, 232, 50, 1),
(671, 233, 50, 1),
(672, 234, 50, 1),
(673, 235, 50, 1),
(674, 236, 50, 1),
(675, 237, 50, 1),
(676, 227, 59, 1),
(677, 227, 63, 1),
(678, 228, 63, 1),
(679, 229, 63, 1),
(680, 230, 63, 1),
(681, 227, 64, 1),
(682, 228, 64, 1),
(683, 229, 64, 1),
(684, 230, 64, 1),
(685, 231, 64, 1),
(686, 232, 64, 1),
(687, 233, 64, 1),
(688, 234, 64, 1),
(689, 227, 67, 1),
(690, 228, 67, 1),
(691, 229, 67, 1),
(692, 230, 67, 1),
(693, 231, 67, 1),
(694, 232, 67, 1),
(695, 233, 67, 1),
(696, 234, 67, 1),
(697, 227, 68, 1),
(698, 228, 68, 1),
(699, 229, 68, 1),
(700, 230, 68, 1),
(701, 232, 68, 1),
(702, 233, 68, 1),
(703, 235, 68, 1),
(704, 228, 69, 1),
(705, 229, 69, 1),
(706, 230, 69, 1),
(707, 232, 69, 1),
(708, 228, 72, 1),
(709, 229, 72, 1),
(710, 230, 72, 1),
(711, 238, 46, 1),
(712, 239, 46, 0),
(713, 238, 49, 1),
(714, 238, 50, 1),
(715, 239, 50, 1),
(716, 240, 50, 1),
(717, 241, 50, 1),
(718, 242, 50, 1),
(719, 243, 50, 1),
(720, 244, 50, 1),
(721, 245, 50, 1),
(722, 246, 50, 1),
(723, 247, 50, 1),
(724, 248, 50, 1),
(725, 238, 59, 1),
(726, 238, 63, 1),
(727, 239, 63, 1),
(728, 240, 63, 1),
(729, 241, 63, 1),
(730, 238, 64, 1),
(731, 239, 64, 1),
(732, 240, 64, 1),
(733, 241, 64, 1),
(734, 242, 64, 1),
(735, 243, 64, 1),
(736, 244, 64, 1),
(737, 245, 64, 1),
(738, 238, 67, 1),
(739, 239, 67, 1),
(740, 240, 67, 1),
(741, 241, 67, 1),
(742, 242, 67, 1),
(743, 243, 67, 1),
(744, 244, 67, 1),
(745, 245, 67, 1),
(746, 238, 68, 1),
(747, 239, 68, 1),
(748, 240, 68, 1),
(749, 241, 68, 1),
(750, 243, 68, 1),
(751, 244, 68, 1),
(752, 246, 68, 1),
(753, 239, 69, 1),
(754, 240, 69, 1),
(755, 241, 69, 1),
(756, 243, 69, 1),
(757, 239, 72, 1),
(758, 240, 72, 1),
(759, 241, 72, 1),
(760, 142, 75, 1),
(761, 143, 75, 1),
(762, 149, 75, 1),
(763, 150, 75, 1),
(764, 151, 75, 1),
(765, 141, 80, 1),
(766, 142, 80, 1),
(767, 143, 80, 1),
(768, 144, 80, 1),
(769, 145, 80, 1),
(770, 146, 80, 1),
(771, 147, 80, 1),
(772, 148, 80, 1),
(773, 142, 84, 1),
(774, 143, 84, 1),
(775, 144, 84, 1),
(776, 142, 88, 1),
(777, 143, 88, 1),
(778, 144, 88, 1),
(779, 141, 91, 1),
(780, 143, 91, 1),
(781, 144, 91, 1),
(782, 146, 91, 1),
(783, 147, 91, 1),
(784, 148, 91, 1),
(785, 141, 98, 1),
(786, 143, 98, 1),
(787, 144, 98, 1),
(788, 146, 98, 1),
(789, 147, 98, 1),
(790, 148, 98, 1),
(792, 251, 74, 1),
(793, 249, 75, 1),
(795, 251, 75, 1),
(796, 252, 75, 1),
(797, 254, 75, 1),
(798, 255, 75, 1),
(799, 256, 75, 1),
(800, 257, 75, 1),
(801, 258, 75, 1),
(802, 259, 75, 1),
(805, 251, 77, 1),
(806, 260, 75, 1),
(807, 260, 74, 1),
(808, 249, 80, 1),
(809, 260, 80, 1),
(810, 251, 80, 1),
(811, 252, 80, 1),
(812, 253, 80, 1),
(813, 254, 80, 1),
(814, 255, 80, 1),
(815, 256, 80, 1),
(816, 260, 84, 1),
(817, 251, 84, 1),
(818, 252, 84, 1),
(819, 249, 88, 1),
(820, 260, 88, 1),
(821, 251, 88, 1),
(822, 252, 88, 1),
(823, 260, 90, 1),
(824, 251, 90, 1),
(825, 252, 90, 1),
(826, 249, 91, 1),
(827, 251, 91, 1),
(828, 252, 91, 1),
(829, 254, 91, 1),
(830, 255, 91, 1),
(831, 256, 91, 1),
(832, 260, 92, 1),
(833, 251, 92, 1),
(834, 252, 92, 1),
(835, 253, 92, 1),
(836, 254, 92, 1),
(837, 255, 92, 1),
(838, 260, 94, 1),
(839, 249, 98, 1),
(840, 251, 98, 1),
(841, 252, 98, 1),
(842, 254, 98, 1),
(843, 255, 98, 1),
(844, 256, 98, 1),
(845, 262, 74, 1),
(846, 263, 74, 1),
(847, 261, 75, 1),
(848, 262, 75, 1),
(849, 263, 75, 1),
(850, 264, 75, 1),
(851, 266, 75, 1),
(852, 267, 75, 1),
(853, 268, 75, 1),
(854, 269, 75, 1),
(855, 270, 75, 1),
(856, 271, 75, 1),
(857, 263, 77, 1),
(858, 261, 80, 1),
(859, 262, 80, 1),
(860, 263, 80, 1),
(861, 264, 80, 1),
(862, 265, 80, 1),
(863, 266, 80, 1),
(864, 267, 80, 1),
(865, 268, 80, 1),
(866, 262, 84, 1),
(867, 263, 84, 1),
(868, 264, 84, 1),
(869, 261, 88, 1),
(870, 262, 88, 1),
(871, 263, 88, 1),
(872, 264, 88, 1),
(873, 262, 90, 1),
(874, 263, 90, 1),
(875, 264, 90, 1),
(876, 261, 91, 1),
(877, 263, 91, 1),
(878, 264, 91, 1),
(879, 266, 91, 1),
(880, 267, 91, 1),
(881, 268, 91, 1),
(882, 262, 92, 1),
(883, 263, 92, 1),
(884, 264, 92, 1),
(885, 265, 92, 1),
(886, 266, 92, 1),
(887, 267, 92, 1),
(888, 262, 94, 1),
(889, 261, 98, 1),
(890, 263, 98, 1),
(891, 264, 98, 1),
(892, 266, 98, 1),
(893, 267, 98, 1),
(894, 268, 98, 1),
(895, 192, 141, 1),
(896, 193, 141, 1),
(897, 272, 141, 1),
(898, 273, 141, 1),
(899, 186, 104, 1),
(900, 188, 104, 1),
(901, 187, 104, 1),
(905, 283, 102, 1),
(906, 283, 104, 1),
(907, 283, 106, 1),
(908, 283, 110, 1),
(909, 283, 116, 1),
(910, 283, 118, 1),
(911, 283, 119, 1),
(912, 283, 123, 1),
(913, 284, 102, 1),
(914, 284, 104, 1),
(915, 285, 104, 1),
(916, 286, 104, 1),
(917, 287, 104, 1),
(918, 288, 104, 1),
(919, 289, 104, 1),
(920, 290, 104, 1),
(921, 291, 104, 1),
(922, 284, 106, 1),
(923, 284, 110, 1),
(924, 284, 116, 1),
(925, 284, 118, 1),
(926, 284, 119, 1),
(927, 284, 123, 1),
(928, 285, 123, 0),
(929, 192, 126, 1),
(930, 193, 126, 1),
(931, 195, 126, 1),
(932, 192, 127, 1),
(933, 193, 127, 1),
(934, 194, 127, 1),
(935, 195, 127, 1),
(936, 196, 127, 1),
(937, 197, 127, 1),
(938, 198, 127, 1),
(939, 192, 136, 1),
(940, 194, 141, 1),
(941, 193, 142, 1),
(942, 194, 142, 1),
(943, 195, 142, 1),
(944, 197, 142, 1),
(945, 198, 142, 1),
(946, 199, 142, 1),
(947, 192, 143, 1),
(948, 193, 143, 1),
(949, 194, 143, 1),
(950, 195, 143, 1),
(951, 197, 143, 1),
(952, 198, 143, 1),
(953, 199, 143, 1),
(954, 192, 146, 1),
(955, 193, 146, 1),
(956, 194, 146, 1),
(957, 272, 126, 1),
(958, 273, 126, 1),
(959, 275, 126, 1),
(960, 272, 127, 1),
(961, 273, 127, 1),
(962, 274, 127, 1),
(963, 275, 127, 1),
(964, 276, 127, 1),
(965, 277, 127, 1),
(966, 278, 127, 1),
(967, 272, 136, 1),
(968, 274, 141, 1),
(969, 273, 142, 1),
(970, 274, 142, 1),
(971, 275, 142, 1),
(972, 277, 142, 1),
(973, 278, 142, 1),
(974, 279, 142, 1),
(975, 272, 143, 1),
(976, 273, 143, 1),
(977, 274, 143, 1),
(978, 275, 143, 1),
(979, 277, 143, 1),
(980, 278, 143, 1),
(981, 279, 143, 1),
(982, 272, 146, 1),
(983, 273, 146, 1),
(984, 274, 146, 1),
(985, 283, 100, 1),
(986, 182, 100, 1),
(987, 183, 100, 1),
(988, 184, 100, 1),
(989, 185, 100, 1),
(990, 186, 100, 1),
(991, 187, 100, 1),
(992, 188, 100, 1),
(993, 189, 100, 1),
(994, 190, 100, 1),
(995, 191, 100, 1),
(996, 182, 102, 1),
(997, 189, 104, 1),
(998, 190, 104, 1),
(999, 191, 104, 1),
(1000, 182, 106, 1),
(1001, 183, 106, 1),
(1002, 283, 107, 1),
(1003, 283, 108, 1),
(1004, 186, 109, 1),
(1005, 184, 109, 1),
(1006, 183, 109, 1),
(1007, 182, 109, 1),
(1008, 283, 109, 1),
(1009, 186, 110, 1),
(1010, 184, 110, 1),
(1011, 183, 110, 1),
(1012, 182, 110, 1),
(1013, 182, 118, 1),
(1014, 182, 119, 1),
(1015, 183, 119, 1),
(1016, 186, 120, 1),
(1017, 185, 120, 1),
(1018, 184, 120, 1),
(1019, 183, 120, 1),
(1020, 182, 120, 1),
(1021, 283, 120, 1),
(1022, 182, 122, 1),
(1023, 283, 124, 1),
(1024, 182, 124, 1),
(1025, 183, 124, 1),
(1026, 184, 124, 1),
(1027, 185, 124, 1),
(1028, 186, 124, 1),
(1029, 187, 124, 1),
(1030, 188, 124, 1),
(1031, 189, 124, 1),
(1032, 190, 124, 1),
(1033, 191, 124, 1),
(1034, 299, 124, 1),
(1035, 300, 124, 1),
(1036, 299, 100, 1),
(1037, 300, 100, 1),
(1038, 299, 104, 1),
(1039, 300, 104, 1),
(1040, 284, 100, 1),
(1041, 285, 100, 1),
(1042, 286, 100, 1),
(1043, 287, 100, 1),
(1044, 288, 100, 1),
(1045, 289, 100, 1),
(1046, 290, 100, 1),
(1047, 291, 100, 1),
(1048, 292, 100, 1),
(1049, 293, 100, 1),
(1050, 294, 100, 1),
(1051, 285, 102, 1),
(1052, 292, 104, 1),
(1053, 293, 104, 1),
(1054, 294, 104, 1),
(1055, 301, 104, 1),
(1056, 302, 104, 1),
(1057, 301, 100, 1),
(1058, 302, 100, 1),
(1059, 285, 106, 1),
(1060, 286, 106, 1),
(1061, 284, 107, 1),
(1062, 284, 108, 1),
(1063, 284, 109, 1),
(1064, 285, 109, 1),
(1065, 286, 109, 1),
(1066, 287, 109, 1),
(1067, 289, 109, 1),
(1068, 285, 110, 1),
(1069, 286, 110, 1),
(1070, 287, 110, 1),
(1071, 289, 110, 1),
(1072, 285, 118, 1),
(1073, 285, 119, 1),
(1074, 286, 119, 1),
(1075, 284, 120, 1),
(1076, 285, 120, 1),
(1077, 286, 120, 1),
(1078, 287, 120, 1),
(1079, 288, 120, 1),
(1080, 289, 120, 1),
(1081, 284, 122, 1),
(1082, 285, 122, 1),
(1083, 302, 124, 1),
(1084, 301, 124, 1),
(1085, 294, 124, 1),
(1086, 293, 124, 1),
(1087, 292, 124, 1),
(1088, 291, 124, 1),
(1089, 290, 124, 1),
(1090, 289, 124, 1),
(1091, 288, 124, 1),
(1092, 287, 124, 1),
(1093, 286, 124, 1),
(1094, 285, 124, 1),
(1095, 284, 124, 1),
(1096, 194, 126, 1),
(1097, 197, 126, 1),
(1098, 198, 126, 1),
(1099, 199, 126, 1),
(1100, 200, 126, 1),
(1101, 201, 126, 1),
(1102, 202, 126, 1),
(1103, 274, 126, 1),
(1104, 277, 126, 1),
(1105, 278, 126, 1),
(1106, 279, 126, 1),
(1107, 281, 126, 1),
(1108, 280, 126, 1),
(1109, 282, 126, 1),
(1110, 197, 141, 1),
(1111, 198, 141, 1),
(1112, 196, 141, 1),
(1113, 195, 141, 1),
(1114, 199, 141, 1),
(1115, 200, 141, 1),
(1116, 201, 141, 1),
(1117, 202, 141, 1),
(1118, 295, 141, 1),
(1119, 296, 141, 1),
(1120, 275, 141, 1),
(1121, 276, 141, 1),
(1122, 277, 141, 1),
(1123, 278, 141, 1),
(1124, 279, 141, 1),
(1125, 280, 141, 1),
(1126, 281, 141, 1),
(1127, 282, 141, 1),
(1128, 297, 141, 1),
(1129, 298, 141, 1),
(1130, 287, 102, 1),
(1131, 288, 102, 1),
(1132, 289, 102, 1),
(1133, 290, 102, 1),
(1134, 291, 102, 1),
(1135, 184, 102, 1),
(1136, 186, 102, 1),
(1137, 187, 102, 1),
(1138, 188, 102, 1),
(1139, 183, 102, 1),
(1140, 187, 110, 1),
(1141, 188, 110, 1),
(1142, 189, 110, 1),
(1143, 190, 110, 1),
(1144, 290, 110, 1),
(1145, 291, 110, 1),
(1146, 292, 110, 1),
(1147, 293, 110, 1),
(1148, 189, 102, 1),
(1149, 186, 106, 1),
(1150, 186, 107, 1),
(1151, 185, 107, 1),
(1152, 184, 107, 1),
(1153, 183, 107, 1),
(1154, 182, 107, 1),
(1155, 185, 109, 1),
(1156, 183, 118, 1),
(1157, 184, 119, 1),
(1158, 187, 120, 1),
(1159, 188, 120, 1),
(1160, 189, 120, 1),
(1161, 190, 120, 1),
(1162, 191, 120, 1),
(1163, 299, 120, 1),
(1164, 300, 120, 1),
(1165, 183, 122, 1),
(1166, 184, 122, 1),
(1167, 186, 122, 1),
(1168, 187, 122, 1),
(1169, 288, 109, 1),
(1170, 286, 118, 1),
(1171, 287, 119, 1),
(1172, 290, 120, 1),
(1173, 291, 120, 1),
(1174, 292, 120, 1),
(1175, 293, 120, 1),
(1176, 294, 120, 1),
(1177, 301, 120, 1),
(1178, 302, 120, 1),
(1179, 286, 122, 1),
(1180, 287, 122, 1),
(1181, 289, 122, 1),
(1182, 290, 122, 1),
(1183, 292, 102, 1),
(1184, 286, 102, 1),
(1185, 303, 20, 1),
(1186, 304, 20, 1),
(1187, 305, 20, 1),
(1188, 306, 20, 1),
(1189, 307, 20, 1),
(1190, 308, 20, 1),
(1191, 309, 20, 1),
(1192, 310, 20, 1),
(1193, 311, 20, 1),
(1194, 140, 21, 1),
(1195, 110, 21, 1),
(1196, 112, 21, 1),
(1197, 118, 21, 1),
(1198, 120, 21, 1),
(1199, 121, 21, 1),
(1200, 123, 21, 1),
(1201, 124, 21, 1),
(1202, 125, 21, 1),
(1203, 127, 21, 1),
(1204, 214, 22, 1),
(1205, 118, 22, 1),
(1206, 121, 22, 1),
(1207, 123, 22, 1),
(1208, 124, 22, 1),
(1209, 125, 22, 1),
(1210, 127, 22, 1),
(1211, 303, 22, 1),
(1212, 304, 22, 1),
(1213, 305, 22, 1),
(1214, 306, 22, 1),
(1215, 307, 22, 1),
(1216, 308, 22, 1),
(1217, 310, 22, 1),
(1218, 125, 23, 1),
(1219, 127, 23, 1),
(1220, 303, 23, 1),
(1221, 304, 23, 1),
(1222, 305, 23, 1),
(1223, 306, 23, 1),
(1224, 307, 23, 1),
(1225, 308, 23, 1),
(1226, 309, 23, 1),
(1227, 310, 23, 1),
(1228, 311, 23, 1),
(1229, 127, 24, 1),
(1230, 305, 24, 1),
(1231, 306, 24, 1),
(1232, 307, 24, 1),
(1233, 308, 24, 1),
(1234, 309, 24, 1),
(1235, 310, 24, 1),
(1236, 311, 24, 1),
(1237, 110, 25, 1),
(1238, 214, 25, 1),
(1239, 112, 25, 1),
(1240, 120, 25, 1),
(1241, 118, 26, 1),
(1242, 121, 26, 1),
(1243, 123, 26, 1),
(1244, 124, 26, 1),
(1245, 125, 26, 1),
(1246, 127, 26, 1),
(1247, 305, 26, 1),
(1248, 306, 26, 1),
(1249, 127, 28, 1),
(1250, 303, 28, 1),
(1251, 304, 28, 1),
(1252, 305, 28, 1),
(1253, 306, 28, 1),
(1254, 307, 28, 1),
(1255, 308, 28, 1),
(1256, 309, 28, 1),
(1257, 310, 28, 1),
(1258, 311, 28, 1),
(1259, 214, 29, 1),
(1260, 118, 30, 1),
(1261, 121, 30, 1),
(1262, 123, 30, 1),
(1263, 124, 30, 1),
(1264, 125, 30, 1),
(1265, 127, 30, 1),
(1266, 305, 30, 1),
(1267, 306, 30, 1),
(1268, 118, 31, 1),
(1269, 121, 31, 1),
(1270, 123, 31, 1),
(1271, 124, 31, 1),
(1272, 125, 31, 1),
(1273, 127, 31, 1),
(1274, 305, 31, 1),
(1275, 306, 31, 1),
(1276, 214, 32, 1),
(1277, 124, 33, 1),
(1278, 127, 33, 1),
(1279, 303, 33, 1),
(1280, 304, 33, 1),
(1281, 305, 33, 1),
(1282, 306, 33, 1),
(1283, 307, 33, 1),
(1284, 308, 33, 1),
(1285, 309, 33, 1),
(1286, 310, 33, 1),
(1287, 311, 33, 1),
(1288, 110, 34, 1),
(1289, 303, 34, 1),
(1290, 304, 34, 1),
(1291, 305, 34, 1),
(1292, 306, 34, 1),
(1293, 307, 34, 1),
(1294, 308, 34, 1),
(1295, 309, 34, 1),
(1296, 310, 34, 1),
(1297, 311, 34, 1),
(1298, 127, 35, 1),
(1299, 303, 35, 1),
(1300, 304, 35, 1),
(1301, 305, 35, 1),
(1302, 306, 35, 1),
(1303, 307, 35, 1),
(1304, 308, 35, 1),
(1305, 309, 35, 1),
(1306, 310, 35, 1),
(1307, 311, 35, 1),
(1308, 214, 36, 1),
(1309, 112, 36, 1),
(1310, 120, 36, 1),
(1311, 124, 38, 1),
(1312, 125, 38, 1),
(1313, 127, 38, 1),
(1314, 303, 38, 1),
(1315, 304, 38, 1),
(1316, 118, 41, 1),
(1317, 123, 41, 1),
(1318, 124, 41, 1),
(1319, 125, 41, 1),
(1320, 303, 41, 1),
(1321, 304, 41, 1),
(1322, 305, 41, 1),
(1323, 306, 41, 1),
(1324, 307, 41, 1),
(1325, 308, 41, 1),
(1326, 309, 41, 1),
(1327, 310, 41, 1),
(1328, 311, 41, 1),
(1329, 110, 42, 1),
(1330, 118, 42, 1),
(1331, 121, 42, 1),
(1332, 123, 42, 1),
(1333, 124, 42, 1),
(1334, 125, 42, 1),
(1335, 127, 42, 1),
(1336, 214, 43, 1),
(1337, 118, 43, 1),
(1338, 121, 43, 1),
(1339, 123, 43, 1),
(1340, 124, 43, 1),
(1341, 125, 43, 1),
(1342, 127, 43, 1),
(1343, 303, 43, 1),
(1344, 304, 43, 1),
(1345, 305, 43, 1),
(1346, 306, 43, 1),
(1347, 307, 43, 1),
(1348, 308, 43, 1),
(1349, 309, 43, 1),
(1350, 310, 43, 1),
(1351, 311, 43, 1),
(1352, 308, 44, 1),
(1353, 309, 44, 1),
(1354, 310, 44, 1),
(1355, 311, 44, 1),
(1356, 312, 20, 1),
(1357, 313, 20, 1),
(1358, 314, 20, 1),
(1359, 315, 20, 1),
(1360, 316, 20, 1),
(1361, 317, 20, 1),
(1362, 318, 20, 1),
(1363, 319, 20, 1),
(1364, 320, 20, 1),
(1365, 203, 21, 1),
(1366, 204, 21, 1),
(1367, 206, 21, 1),
(1368, 207, 21, 1),
(1369, 208, 21, 1),
(1370, 209, 21, 1),
(1371, 210, 21, 1),
(1372, 211, 21, 1),
(1373, 212, 21, 1),
(1374, 213, 21, 1),
(1375, 209, 22, 1),
(1376, 210, 22, 1),
(1377, 211, 22, 1),
(1378, 212, 22, 1),
(1379, 213, 22, 1),
(1380, 312, 22, 1),
(1381, 313, 22, 1),
(1382, 314, 22, 1),
(1383, 315, 22, 1),
(1384, 316, 22, 1),
(1385, 317, 22, 1),
(1386, 319, 22, 1),
(1387, 212, 23, 1),
(1388, 213, 23, 1),
(1389, 312, 23, 1),
(1390, 313, 23, 1),
(1391, 314, 23, 1),
(1392, 315, 23, 1),
(1393, 316, 23, 1),
(1394, 317, 23, 1),
(1395, 318, 23, 1),
(1396, 319, 23, 1),
(1397, 320, 23, 1),
(1398, 213, 24, 1),
(1399, 314, 24, 1),
(1400, 315, 24, 1),
(1401, 316, 24, 1),
(1402, 317, 24, 1),
(1403, 318, 24, 1),
(1404, 319, 24, 1),
(1405, 320, 24, 1),
(1406, 204, 25, 1),
(1407, 205, 25, 1),
(1408, 206, 25, 1),
(1409, 208, 25, 1),
(1410, 207, 26, 1),
(1411, 209, 26, 1),
(1412, 210, 26, 1),
(1413, 211, 26, 1),
(1414, 212, 26, 1),
(1415, 213, 26, 1),
(1416, 314, 26, 1),
(1417, 315, 26, 1),
(1418, 213, 28, 1),
(1419, 312, 28, 1),
(1420, 313, 28, 1),
(1421, 314, 28, 1),
(1422, 315, 28, 1),
(1423, 316, 28, 1),
(1424, 317, 28, 1),
(1425, 318, 28, 1),
(1426, 319, 28, 1),
(1427, 320, 28, 1),
(1428, 205, 29, 1),
(1429, 207, 30, 1),
(1430, 209, 30, 1),
(1431, 210, 30, 1),
(1432, 211, 30, 1),
(1433, 212, 30, 1),
(1434, 213, 30, 1),
(1435, 314, 30, 1),
(1436, 315, 30, 1),
(1437, 207, 31, 1),
(1438, 209, 31, 1),
(1439, 210, 31, 1),
(1440, 211, 31, 1),
(1441, 212, 31, 1),
(1442, 213, 31, 1),
(1443, 314, 31, 1),
(1444, 315, 31, 1),
(1445, 205, 32, 1),
(1446, 211, 33, 1),
(1447, 213, 33, 1),
(1448, 312, 33, 1),
(1449, 313, 33, 1),
(1450, 314, 33, 1),
(1451, 315, 33, 1),
(1452, 316, 33, 1),
(1453, 317, 33, 1),
(1454, 318, 33, 1),
(1455, 319, 33, 1),
(1456, 320, 33, 1),
(1457, 204, 34, 1),
(1458, 312, 34, 1),
(1459, 313, 34, 1),
(1460, 314, 34, 1),
(1461, 315, 34, 1),
(1462, 316, 34, 1),
(1463, 317, 34, 1),
(1464, 318, 34, 1),
(1465, 319, 34, 1),
(1466, 320, 34, 1),
(1467, 213, 35, 1),
(1468, 312, 35, 1),
(1469, 313, 35, 1),
(1470, 314, 35, 1),
(1471, 315, 35, 1),
(1472, 316, 35, 1),
(1473, 317, 35, 1),
(1474, 318, 35, 1),
(1475, 319, 35, 1),
(1476, 320, 35, 1),
(1477, 205, 36, 1),
(1478, 206, 36, 1),
(1479, 208, 36, 1),
(1480, 211, 38, 1),
(1481, 212, 38, 1),
(1482, 213, 38, 1),
(1483, 312, 38, 1),
(1484, 313, 38, 1),
(1485, 207, 41, 1),
(1486, 210, 41, 1),
(1487, 211, 41, 1),
(1488, 212, 41, 1),
(1489, 312, 41, 1),
(1490, 313, 41, 1),
(1491, 314, 41, 1),
(1492, 315, 41, 1),
(1493, 316, 41, 1),
(1494, 317, 41, 1),
(1495, 318, 41, 1),
(1496, 319, 41, 1),
(1497, 320, 41, 1),
(1498, 204, 42, 1),
(1499, 207, 42, 1),
(1500, 209, 42, 1),
(1501, 210, 42, 1),
(1502, 211, 42, 1),
(1503, 212, 42, 1),
(1504, 213, 42, 1),
(1505, 207, 43, 1),
(1506, 209, 43, 1),
(1507, 210, 43, 1),
(1508, 211, 43, 1),
(1509, 212, 43, 1),
(1510, 213, 43, 1),
(1511, 312, 43, 1),
(1512, 313, 43, 1),
(1513, 314, 43, 1),
(1514, 315, 43, 1),
(1515, 316, 43, 1),
(1516, 317, 43, 1),
(1517, 318, 43, 1),
(1518, 319, 43, 1),
(1519, 320, 43, 1),
(1520, 320, 44, 1),
(1521, 319, 44, 1),
(1522, 318, 44, 1),
(1523, 317, 44, 1),
(1524, 321, 20, 1),
(1525, 322, 20, 1),
(1526, 323, 20, 1),
(1527, 324, 20, 1),
(1528, 325, 20, 1),
(1529, 326, 20, 1),
(1530, 327, 20, 1),
(1531, 328, 20, 1),
(1532, 329, 20, 1),
(1533, 215, 21, 1),
(1534, 216, 21, 1),
(1535, 218, 21, 1),
(1536, 219, 21, 1),
(1537, 220, 21, 1),
(1538, 221, 21, 1),
(1539, 222, 21, 1),
(1540, 223, 21, 1),
(1541, 224, 21, 1),
(1542, 225, 21, 1),
(1543, 217, 22, 1),
(1544, 219, 22, 1),
(1545, 221, 22, 1),
(1546, 222, 22, 1),
(1547, 223, 22, 1),
(1548, 224, 22, 1),
(1549, 328, 22, 1),
(1550, 326, 22, 1),
(1551, 325, 22, 1),
(1552, 324, 22, 1),
(1553, 323, 22, 1),
(1554, 322, 22, 1),
(1555, 321, 22, 1),
(1556, 225, 22, 1),
(1557, 224, 23, 1),
(1558, 225, 23, 1),
(1559, 321, 23, 1),
(1560, 322, 23, 1),
(1561, 323, 23, 1),
(1562, 324, 23, 1),
(1563, 325, 23, 1),
(1564, 326, 23, 1),
(1565, 327, 23, 1),
(1566, 328, 23, 1),
(1567, 329, 23, 1),
(1568, 225, 24, 1),
(1569, 323, 24, 1),
(1570, 324, 24, 1),
(1571, 325, 24, 1),
(1572, 326, 24, 1),
(1573, 327, 24, 1),
(1574, 328, 24, 1),
(1575, 329, 24, 1),
(1576, 216, 25, 1),
(1577, 217, 25, 1),
(1578, 218, 25, 1),
(1579, 220, 25, 1),
(1580, 219, 26, 1),
(1581, 221, 26, 1),
(1582, 222, 26, 1),
(1583, 223, 26, 1),
(1584, 224, 26, 1),
(1585, 225, 26, 1),
(1586, 323, 26, 1),
(1587, 324, 26, 1),
(1588, 225, 28, 1),
(1589, 321, 28, 1),
(1590, 322, 28, 1),
(1591, 323, 28, 1),
(1592, 324, 28, 1),
(1593, 325, 28, 1),
(1594, 326, 28, 1),
(1595, 327, 28, 1),
(1596, 328, 28, 1),
(1597, 329, 28, 1),
(1598, 217, 29, 1),
(1599, 219, 30, 1),
(1600, 221, 30, 1),
(1601, 222, 30, 1),
(1602, 223, 30, 1),
(1603, 224, 30, 1),
(1604, 225, 30, 1),
(1605, 323, 30, 1),
(1606, 324, 30, 1),
(1607, 219, 31, 1),
(1608, 221, 31, 1),
(1609, 222, 31, 1),
(1610, 223, 31, 1),
(1611, 224, 31, 1),
(1612, 225, 31, 1),
(1613, 323, 31, 1),
(1614, 324, 31, 1),
(1615, 217, 32, 1),
(1616, 223, 33, 1),
(1617, 225, 33, 1),
(1618, 321, 33, 1),
(1619, 322, 33, 1),
(1620, 323, 33, 1),
(1621, 324, 33, 1),
(1622, 325, 33, 1),
(1623, 326, 33, 1),
(1624, 327, 33, 1),
(1625, 328, 33, 1),
(1626, 329, 33, 1),
(1627, 216, 34, 1),
(1628, 321, 34, 1),
(1629, 322, 34, 1),
(1630, 323, 34, 1),
(1631, 324, 34, 1),
(1632, 325, 34, 1),
(1633, 326, 34, 1),
(1634, 327, 34, 1),
(1635, 328, 34, 1),
(1636, 329, 34, 1),
(1637, 225, 35, 1),
(1638, 321, 35, 1),
(1639, 322, 35, 1),
(1640, 323, 35, 1),
(1641, 324, 35, 1),
(1642, 325, 35, 1),
(1643, 326, 35, 1),
(1644, 327, 35, 1),
(1645, 328, 35, 1),
(1646, 329, 35, 1),
(1647, 217, 36, 1),
(1648, 218, 36, 1),
(1649, 219, 36, 0),
(1650, 220, 36, 1),
(1651, 223, 38, 1),
(1652, 224, 38, 1),
(1653, 225, 38, 1),
(1654, 321, 38, 1),
(1655, 322, 38, 1),
(1656, 219, 41, 1),
(1657, 222, 41, 1),
(1658, 223, 41, 1),
(1659, 224, 41, 1),
(1660, 321, 41, 1),
(1661, 322, 41, 1),
(1662, 323, 41, 1),
(1663, 324, 41, 1),
(1664, 325, 41, 1),
(1665, 326, 41, 1),
(1666, 327, 41, 1),
(1667, 328, 41, 1),
(1668, 329, 41, 1),
(1669, 216, 42, 1),
(1670, 219, 42, 1),
(1671, 221, 42, 1),
(1672, 222, 42, 1),
(1673, 223, 42, 1),
(1674, 224, 42, 1),
(1675, 225, 42, 1),
(1676, 217, 43, 1),
(1677, 219, 43, 1),
(1678, 221, 43, 1),
(1679, 222, 43, 1),
(1680, 223, 43, 1),
(1681, 224, 43, 1),
(1682, 225, 43, 1),
(1683, 321, 43, 1),
(1684, 322, 43, 1),
(1685, 323, 43, 1),
(1686, 324, 43, 1),
(1687, 325, 43, 1),
(1688, 326, 43, 1),
(1689, 327, 43, 1),
(1690, 328, 43, 1),
(1691, 329, 43, 1),
(1692, 329, 44, 1),
(1693, 328, 44, 1),
(1694, 327, 44, 1),
(1695, 326, 44, 1),
(1696, 130, 45, 1),
(1697, 131, 45, 1),
(1698, 132, 45, 1),
(1699, 338, 49, 1),
(1700, 130, 49, 1),
(1701, 131, 49, 1),
(1702, 132, 49, 1),
(1703, 133, 49, 1),
(1704, 134, 49, 1),
(1705, 338, 50, 1),
(1706, 330, 50, 1),
(1707, 331, 50, 1),
(1708, 332, 50, 1),
(1709, 333, 50, 1),
(1710, 334, 50, 1),
(1711, 335, 50, 1),
(1712, 336, 50, 1),
(1713, 337, 50, 1),
(1714, 338, 53, 1),
(1715, 130, 53, 1),
(1716, 131, 53, 1),
(1717, 133, 53, 1),
(1718, 134, 53, 1),
(1719, 135, 53, 1),
(1720, 136, 53, 1),
(1721, 137, 53, 1),
(1722, 138, 53, 1),
(1723, 226, 53, 1),
(1724, 330, 53, 1),
(1725, 331, 53, 1),
(1726, 332, 53, 1),
(1727, 333, 53, 1),
(1728, 334, 53, 1),
(1729, 335, 53, 1),
(1730, 336, 53, 1),
(1731, 128, 55, 1),
(1732, 128, 56, 1),
(1733, 131, 56, 1),
(1734, 338, 59, 1),
(1735, 130, 59, 1),
(1736, 131, 59, 1),
(1737, 338, 63, 1),
(1738, 132, 63, 1),
(1739, 133, 63, 1),
(1740, 134, 63, 1),
(1741, 135, 63, 1),
(1742, 136, 63, 1),
(1743, 137, 63, 1),
(1744, 138, 63, 1),
(1745, 226, 63, 1),
(1746, 330, 63, 1),
(1747, 331, 63, 1),
(1748, 332, 63, 1),
(1749, 333, 63, 1),
(1750, 334, 63, 1),
(1751, 335, 63, 1),
(1752, 336, 63, 1),
(1753, 338, 64, 1),
(1754, 136, 64, 1),
(1755, 137, 64, 1),
(1756, 138, 64, 1),
(1757, 226, 64, 1),
(1758, 330, 64, 1),
(1759, 331, 64, 1),
(1760, 332, 64, 1),
(1761, 333, 64, 1),
(1762, 334, 64, 1),
(1763, 335, 64, 1),
(1764, 336, 64, 1),
(1765, 337, 64, 1),
(1766, 128, 65, 1),
(1767, 338, 65, 1),
(1768, 130, 65, 1),
(1769, 131, 65, 1),
(1770, 338, 67, 1),
(1771, 136, 67, 1),
(1772, 137, 67, 1),
(1773, 138, 67, 1),
(1774, 226, 67, 1),
(1775, 330, 67, 1),
(1776, 331, 67, 1),
(1777, 332, 67, 1),
(1778, 333, 67, 1),
(1779, 334, 67, 1),
(1780, 335, 67, 1),
(1781, 336, 67, 1),
(1782, 337, 67, 1),
(1783, 338, 68, 1),
(1784, 137, 68, 1),
(1785, 138, 68, 1),
(1786, 226, 68, 1),
(1787, 330, 68, 1),
(1788, 331, 68, 1),
(1789, 332, 68, 1),
(1790, 333, 68, 1),
(1791, 334, 68, 1),
(1792, 336, 68, 1),
(1793, 337, 68, 1),
(1794, 338, 69, 1),
(1795, 134, 69, 1),
(1796, 135, 69, 1),
(1797, 136, 69, 1),
(1798, 137, 69, 1),
(1799, 138, 69, 1),
(1800, 226, 69, 1),
(1801, 330, 69, 1),
(1802, 331, 69, 1),
(1803, 332, 69, 1),
(1804, 333, 69, 1),
(1805, 334, 69, 1),
(1806, 335, 69, 1),
(1807, 336, 69, 1),
(1808, 128, 70, 1),
(1809, 338, 70, 1),
(1810, 130, 70, 1),
(1811, 131, 70, 1),
(1812, 132, 70, 1),
(1813, 133, 70, 1),
(1814, 134, 70, 1),
(1815, 135, 70, 1),
(1816, 136, 70, 1),
(1817, 137, 70, 1),
(1818, 138, 70, 1),
(1819, 226, 70, 1),
(1820, 330, 70, 1),
(1821, 331, 70, 1),
(1822, 332, 70, 1),
(1823, 333, 70, 1),
(1824, 334, 70, 1),
(1825, 335, 70, 1),
(1826, 336, 70, 1),
(1827, 128, 71, 1),
(1828, 338, 71, 1),
(1829, 338, 72, 1),
(1830, 133, 72, 1),
(1831, 134, 72, 1),
(1832, 135, 72, 1),
(1833, 137, 72, 1),
(1834, 138, 72, 1),
(1835, 330, 72, 1),
(1836, 331, 72, 1),
(1837, 332, 72, 1),
(1838, 333, 72, 1),
(1839, 334, 72, 1),
(1840, 335, 72, 1),
(1841, 336, 72, 1),
(1842, 128, 73, 1),
(1843, 338, 73, 1),
(1844, 130, 73, 1),
(1845, 131, 73, 1),
(1846, 132, 73, 1),
(1847, 133, 73, 1),
(1848, 134, 73, 1),
(1849, 227, 45, 1),
(1850, 229, 45, 1),
(1851, 230, 45, 1),
(1852, 231, 45, 1),
(1853, 228, 49, 1),
(1854, 229, 49, 1),
(1855, 230, 49, 1),
(1856, 231, 49, 1),
(1857, 232, 49, 1),
(1858, 233, 49, 1),
(1859, 339, 50, 1),
(1860, 340, 50, 1),
(1861, 341, 50, 1),
(1862, 342, 50, 1),
(1863, 343, 50, 1),
(1864, 344, 50, 1),
(1865, 345, 50, 1),
(1866, 346, 50, 1),
(1867, 347, 50, 1),
(1868, 228, 53, 1),
(1869, 229, 53, 1),
(1870, 230, 53, 1),
(1871, 232, 53, 1),
(1872, 233, 53, 1),
(1873, 234, 53, 1),
(1874, 235, 53, 1),
(1875, 236, 53, 1),
(1876, 237, 53, 1),
(1877, 339, 53, 1),
(1878, 340, 53, 1),
(1879, 341, 53, 1),
(1880, 342, 53, 1),
(1881, 343, 53, 1),
(1882, 344, 53, 1),
(1883, 345, 53, 1),
(1884, 346, 53, 1),
(1885, 227, 55, 1),
(1886, 227, 56, 1),
(1887, 230, 56, 1),
(1888, 228, 59, 1),
(1889, 229, 59, 1),
(1890, 230, 59, 1),
(1891, 231, 63, 1),
(1892, 232, 63, 1),
(1893, 233, 63, 1),
(1894, 234, 63, 1),
(1895, 235, 63, 1),
(1896, 236, 63, 1),
(1897, 237, 63, 1),
(1898, 339, 63, 1),
(1899, 340, 63, 1),
(1900, 341, 63, 1),
(1901, 342, 63, 1),
(1902, 343, 63, 1),
(1903, 344, 63, 1),
(1904, 345, 63, 1),
(1905, 346, 63, 1),
(1906, 235, 64, 1),
(1907, 236, 64, 1),
(1908, 237, 64, 1),
(1909, 339, 64, 1),
(1910, 340, 64, 1),
(1911, 341, 64, 1),
(1912, 342, 64, 1),
(1913, 343, 64, 1),
(1914, 344, 64, 1),
(1915, 345, 64, 1),
(1916, 346, 64, 1),
(1917, 347, 64, 1),
(1918, 227, 65, 1),
(1919, 228, 65, 1),
(1920, 229, 65, 1),
(1921, 230, 65, 1),
(1922, 235, 67, 1),
(1923, 236, 67, 1),
(1924, 237, 67, 1),
(1925, 339, 67, 1),
(1926, 340, 67, 1),
(1927, 341, 67, 1),
(1928, 342, 67, 1),
(1929, 343, 67, 1),
(1930, 344, 67, 1),
(1931, 345, 67, 1),
(1932, 346, 67, 1),
(1933, 347, 67, 1),
(1934, 231, 68, 1),
(1935, 234, 68, 0),
(1936, 236, 68, 1),
(1937, 237, 68, 1),
(1938, 339, 68, 1),
(1939, 340, 68, 1),
(1940, 341, 68, 1),
(1941, 342, 68, 1),
(1942, 343, 68, 1),
(1943, 344, 68, 1),
(1944, 345, 68, 0),
(1945, 346, 68, 1),
(1946, 347, 68, 1),
(1947, 346, 69, 1),
(1948, 345, 69, 1),
(1949, 344, 69, 1),
(1950, 343, 69, 1),
(1951, 342, 69, 1),
(1952, 341, 69, 1),
(1953, 340, 69, 1),
(1954, 339, 69, 1),
(1955, 237, 69, 1),
(1956, 236, 69, 1),
(1957, 235, 69, 1),
(1958, 234, 69, 1),
(1959, 233, 69, 1),
(1960, 227, 70, 1),
(1961, 228, 70, 1),
(1962, 229, 70, 1),
(1963, 230, 70, 1),
(1964, 231, 70, 1),
(1965, 232, 70, 1),
(1966, 233, 70, 1),
(1967, 234, 70, 1),
(1968, 235, 70, 1),
(1969, 236, 70, 1),
(1970, 237, 70, 1),
(1971, 339, 70, 1),
(1972, 340, 70, 1),
(1973, 341, 70, 1),
(1974, 342, 70, 1),
(1975, 343, 70, 1),
(1976, 344, 70, 1),
(1977, 345, 70, 1),
(1978, 346, 70, 1),
(1979, 227, 71, 1),
(1980, 228, 71, 1),
(1981, 232, 72, 1),
(1982, 233, 72, 1),
(1983, 234, 72, 1),
(1984, 236, 72, 1),
(1985, 237, 72, 1),
(1986, 340, 72, 1),
(1987, 341, 72, 1),
(1988, 342, 72, 1),
(1989, 343, 72, 1),
(1990, 344, 72, 1),
(1991, 345, 72, 1),
(1992, 227, 73, 1),
(1993, 228, 73, 1),
(1994, 229, 73, 1),
(1995, 230, 73, 1),
(1996, 231, 73, 1),
(1997, 232, 73, 1),
(1998, 233, 73, 1),
(1999, 238, 45, 1),
(2000, 240, 45, 1),
(2001, 241, 45, 1),
(2002, 242, 45, 1),
(2003, 239, 49, 1),
(2004, 240, 49, 1),
(2005, 241, 49, 1),
(2006, 242, 49, 1),
(2007, 243, 49, 1),
(2008, 244, 49, 1),
(2009, 348, 50, 1),
(2010, 349, 50, 1),
(2011, 350, 50, 1),
(2012, 351, 50, 1),
(2013, 352, 50, 1),
(2014, 353, 50, 1),
(2015, 354, 50, 1),
(2016, 355, 50, 1),
(2017, 356, 50, 1),
(2018, 239, 53, 1),
(2019, 240, 53, 1),
(2020, 241, 53, 1),
(2021, 243, 53, 1),
(2022, 244, 53, 1),
(2023, 245, 53, 1),
(2024, 246, 53, 1),
(2025, 247, 53, 1),
(2026, 248, 53, 1),
(2027, 348, 53, 1),
(2028, 349, 53, 1),
(2029, 350, 53, 1),
(2030, 351, 53, 1),
(2031, 352, 53, 1),
(2032, 353, 53, 1),
(2033, 354, 53, 1),
(2034, 355, 53, 1),
(2035, 238, 55, 1),
(2036, 238, 56, 1),
(2037, 241, 56, 1),
(2038, 239, 59, 1),
(2039, 240, 59, 1),
(2040, 241, 59, 1),
(2041, 242, 63, 1),
(2042, 243, 63, 1),
(2043, 244, 63, 1),
(2044, 245, 63, 1),
(2045, 246, 63, 1),
(2046, 247, 63, 1),
(2047, 248, 63, 1),
(2048, 348, 63, 1),
(2049, 349, 63, 1),
(2050, 350, 63, 1),
(2051, 351, 63, 1),
(2052, 352, 63, 1),
(2053, 353, 63, 1),
(2054, 354, 63, 1),
(2055, 355, 63, 1),
(2056, 246, 64, 1),
(2057, 247, 64, 1),
(2058, 248, 64, 1),
(2059, 348, 64, 1),
(2060, 349, 64, 1),
(2061, 350, 64, 1),
(2062, 351, 64, 1),
(2063, 352, 64, 1),
(2064, 353, 64, 1),
(2065, 354, 64, 1),
(2066, 355, 64, 1),
(2067, 356, 64, 1),
(2068, 238, 65, 1),
(2069, 239, 65, 1),
(2070, 240, 65, 1),
(2071, 241, 65, 1),
(2072, 246, 67, 1),
(2073, 247, 67, 1),
(2074, 248, 67, 1),
(2075, 348, 67, 1),
(2076, 349, 67, 1),
(2077, 350, 67, 1),
(2078, 351, 67, 1),
(2079, 352, 67, 1),
(2080, 353, 67, 1),
(2081, 354, 67, 1),
(2082, 355, 67, 1),
(2083, 356, 67, 1),
(2084, 242, 68, 1),
(2085, 247, 68, 1),
(2086, 248, 68, 1),
(2087, 348, 68, 1),
(2088, 349, 68, 1),
(2089, 350, 68, 1),
(2090, 351, 68, 1),
(2091, 352, 68, 1),
(2092, 353, 68, 1),
(2093, 355, 68, 1),
(2094, 356, 68, 1),
(2095, 244, 69, 1),
(2096, 245, 69, 1),
(2097, 246, 69, 1),
(2098, 247, 69, 1),
(2099, 248, 69, 1),
(2100, 348, 69, 1),
(2101, 349, 69, 1),
(2102, 350, 69, 1),
(2103, 351, 69, 1),
(2104, 352, 69, 1),
(2105, 353, 69, 1),
(2106, 354, 69, 1),
(2107, 355, 69, 1),
(2108, 238, 70, 1),
(2109, 239, 70, 1),
(2110, 240, 70, 1),
(2111, 241, 70, 1),
(2112, 242, 70, 1),
(2113, 243, 70, 1),
(2114, 244, 70, 1),
(2115, 245, 70, 1),
(2116, 246, 70, 1),
(2117, 247, 70, 1),
(2118, 248, 70, 1),
(2119, 348, 70, 1),
(2120, 349, 70, 1),
(2121, 350, 70, 1),
(2122, 351, 70, 1),
(2123, 352, 70, 1),
(2124, 353, 70, 1),
(2125, 354, 70, 1),
(2126, 238, 71, 1),
(2127, 239, 71, 1),
(2128, 243, 72, 1),
(2129, 244, 72, 1),
(2130, 245, 72, 1),
(2131, 247, 72, 1),
(2132, 248, 72, 1),
(2133, 349, 72, 1),
(2134, 350, 72, 1),
(2135, 351, 72, 1),
(2136, 352, 72, 1),
(2137, 353, 72, 1),
(2138, 354, 72, 1),
(2139, 355, 72, 1),
(2140, 238, 73, 1),
(2141, 239, 73, 1),
(2142, 240, 73, 1),
(2143, 241, 73, 1),
(2144, 242, 73, 1),
(2145, 243, 73, 1),
(2146, 244, 73, 1),
(2147, 141, 74, 1),
(2148, 144, 74, 1),
(2149, 145, 74, 1),
(2150, 149, 74, 1),
(2151, 150, 74, 1),
(2152, 151, 74, 1),
(2153, 357, 74, 1),
(2154, 358, 74, 1),
(2155, 359, 74, 1),
(2156, 360, 74, 1),
(2157, 361, 74, 1),
(2158, 362, 74, 1),
(2159, 363, 74, 1),
(2160, 364, 74, 1),
(2161, 365, 74, 1),
(2162, 145, 75, 1),
(2163, 357, 75, 1),
(2164, 358, 75, 1),
(2165, 359, 75, 1),
(2166, 360, 75, 1),
(2167, 361, 75, 1),
(2168, 362, 75, 1),
(2169, 363, 75, 1),
(2170, 364, 75, 1),
(2171, 365, 75, 1),
(2172, 142, 76, 1),
(2173, 143, 76, 1),
(2174, 145, 76, 1),
(2175, 149, 76, 1),
(2176, 150, 76, 1),
(2177, 358, 76, 1),
(2178, 359, 76, 1),
(2179, 362, 76, 1),
(2180, 363, 76, 1),
(2181, 364, 76, 1),
(2182, 142, 77, 1),
(2183, 144, 77, 1),
(2184, 145, 77, 1),
(2185, 146, 77, 1),
(2186, 141, 78, 1),
(2187, 142, 78, 1),
(2188, 143, 78, 1),
(2189, 144, 78, 1),
(2190, 146, 78, 1),
(2191, 147, 78, 1),
(2192, 148, 78, 1),
(2193, 149, 80, 1),
(2194, 150, 80, 1),
(2195, 151, 80, 1),
(2196, 357, 80, 1),
(2197, 358, 80, 1),
(2198, 359, 80, 1),
(2199, 360, 80, 1),
(2200, 361, 80, 1),
(2201, 362, 80, 1),
(2202, 363, 80, 1),
(2203, 364, 80, 1),
(2204, 365, 80, 1),
(2205, 141, 81, 1),
(2206, 142, 81, 1),
(2207, 143, 81, 1),
(2208, 144, 81, 1),
(2209, 145, 81, 1),
(2210, 146, 81, 1),
(2211, 147, 81, 1),
(2212, 148, 81, 1),
(2213, 149, 81, 1),
(2214, 150, 81, 1),
(2215, 151, 81, 1),
(2216, 357, 81, 1),
(2217, 358, 81, 1),
(2218, 359, 81, 1),
(2219, 360, 81, 1),
(2220, 361, 81, 1),
(2221, 362, 81, 1),
(2222, 363, 81, 1),
(2223, 364, 81, 1),
(2224, 365, 81, 1),
(2225, 142, 82, 1),
(2226, 144, 82, 1),
(2227, 145, 82, 1),
(2228, 146, 82, 1),
(2229, 147, 82, 1),
(2230, 148, 82, 1),
(2231, 149, 82, 1),
(2232, 150, 82, 1),
(2233, 151, 82, 1),
(2234, 357, 82, 1),
(2235, 358, 82, 1),
(2236, 359, 82, 1),
(2237, 360, 82, 1),
(2238, 361, 82, 1),
(2239, 362, 82, 1),
(2240, 363, 82, 1),
(2241, 364, 82, 1),
(2242, 365, 82, 1),
(2243, 141, 83, 1),
(2244, 143, 83, 1),
(2245, 144, 83, 1),
(2246, 145, 83, 1),
(2247, 146, 83, 1),
(2248, 147, 83, 1),
(2249, 148, 83, 1),
(2250, 150, 83, 1),
(2251, 151, 83, 1),
(2252, 357, 83, 1),
(2253, 358, 83, 1),
(2254, 359, 83, 1),
(2255, 360, 83, 1),
(2256, 362, 83, 1),
(2257, 363, 83, 1),
(2258, 364, 83, 1),
(2259, 141, 84, 1),
(2260, 145, 84, 1),
(2261, 146, 84, 1),
(2262, 147, 84, 1),
(2263, 148, 84, 1),
(2264, 149, 84, 1),
(2265, 150, 84, 1),
(2266, 151, 84, 1),
(2267, 357, 84, 1),
(2268, 358, 84, 1),
(2269, 359, 84, 1),
(2270, 360, 84, 1),
(2271, 361, 84, 1),
(2272, 362, 84, 1),
(2273, 363, 84, 1),
(2274, 364, 84, 1),
(2275, 365, 84, 1),
(2276, 145, 88, 1),
(2277, 146, 88, 1),
(2278, 147, 88, 1),
(2279, 148, 88, 1),
(2280, 149, 88, 1),
(2281, 150, 88, 1),
(2282, 151, 88, 1),
(2283, 357, 88, 1),
(2284, 358, 88, 1),
(2285, 359, 88, 1),
(2286, 360, 88, 1),
(2287, 361, 88, 1),
(2288, 362, 88, 1),
(2289, 363, 88, 1),
(2290, 364, 88, 1),
(2291, 365, 88, 1),
(2292, 141, 89, 1),
(2293, 142, 89, 1),
(2294, 144, 89, 1),
(2295, 143, 89, 1),
(2296, 145, 89, 1),
(2297, 146, 89, 1),
(2298, 147, 89, 1),
(2299, 148, 89, 1),
(2300, 149, 89, 1),
(2301, 150, 89, 1),
(2302, 151, 89, 1),
(2303, 357, 89, 1),
(2304, 358, 89, 1),
(2305, 359, 89, 1),
(2306, 360, 89, 1),
(2307, 361, 89, 1),
(2308, 362, 89, 1),
(2309, 363, 89, 1),
(2310, 364, 89, 1),
(2311, 365, 89, 1),
(2312, 141, 90, 1),
(2313, 145, 90, 1),
(2314, 146, 90, 1),
(2315, 147, 90, 1),
(2316, 148, 90, 1),
(2317, 149, 90, 1),
(2318, 150, 90, 1),
(2319, 151, 90, 1),
(2320, 357, 90, 1),
(2321, 358, 90, 1),
(2322, 359, 90, 1),
(2323, 360, 90, 1),
(2324, 361, 90, 1),
(2325, 362, 90, 1),
(2326, 363, 90, 1),
(2327, 364, 90, 1),
(2328, 365, 90, 1),
(2329, 142, 91, 1),
(2330, 145, 91, 1),
(2331, 149, 91, 1),
(2332, 150, 91, 1),
(2333, 151, 91, 1),
(2334, 357, 91, 1),
(2335, 358, 91, 1),
(2336, 359, 91, 1),
(2337, 360, 91, 1),
(2338, 361, 91, 1),
(2339, 362, 91, 1),
(2340, 363, 91, 1),
(2341, 364, 91, 1),
(2342, 365, 91, 1),
(2343, 141, 92, 1),
(2344, 148, 92, 1),
(2345, 149, 92, 1),
(2346, 150, 92, 1),
(2347, 151, 92, 1),
(2348, 357, 92, 1),
(2349, 358, 92, 1),
(2350, 359, 92, 1),
(2351, 360, 92, 1),
(2352, 361, 92, 1),
(2353, 362, 92, 1),
(2354, 363, 92, 1),
(2355, 364, 92, 1),
(2356, 365, 92, 1),
(2357, 141, 93, 1),
(2358, 142, 93, 1),
(2359, 143, 93, 1),
(2360, 144, 93, 1),
(2361, 145, 93, 1),
(2362, 146, 93, 1),
(2363, 147, 93, 1),
(2364, 148, 93, 1),
(2365, 149, 93, 1),
(2366, 150, 93, 1),
(2367, 151, 93, 1),
(2368, 357, 93, 1),
(2369, 358, 93, 1),
(2370, 359, 93, 1),
(2371, 360, 93, 1),
(2372, 361, 93, 1),
(2373, 362, 93, 1),
(2374, 363, 93, 1),
(2375, 364, 93, 1),
(2376, 365, 93, 1),
(2377, 141, 94, 1),
(2378, 143, 94, 1),
(2379, 144, 94, 1),
(2380, 145, 94, 1),
(2381, 146, 94, 1),
(2382, 147, 94, 1),
(2383, 148, 94, 1),
(2384, 149, 94, 1),
(2385, 150, 94, 1),
(2386, 151, 94, 1),
(2387, 357, 94, 1),
(2388, 358, 94, 1),
(2389, 359, 94, 1),
(2390, 360, 94, 1),
(2391, 361, 94, 1),
(2392, 362, 94, 1),
(2393, 363, 94, 1),
(2394, 364, 94, 1),
(2395, 365, 94, 1),
(2396, 141, 95, 1),
(2397, 142, 95, 1),
(2398, 143, 95, 1),
(2399, 144, 95, 1),
(2400, 145, 95, 1),
(2401, 146, 95, 1),
(2402, 147, 95, 1),
(2403, 148, 95, 1),
(2404, 149, 95, 1),
(2405, 150, 95, 1),
(2406, 151, 95, 1),
(2407, 357, 95, 1),
(2408, 358, 95, 1),
(2409, 359, 95, 1),
(2410, 360, 95, 1),
(2411, 361, 95, 1),
(2412, 362, 95, 1),
(2413, 363, 95, 1),
(2414, 364, 95, 1),
(2415, 365, 95, 1),
(2416, 141, 96, 1),
(2417, 144, 96, 1),
(2418, 146, 96, 1),
(2419, 147, 96, 1),
(2420, 148, 96, 1),
(2421, 151, 96, 1),
(2422, 360, 96, 1),
(2423, 361, 96, 1),
(2424, 141, 97, 1),
(2425, 142, 97, 1),
(2426, 143, 97, 1),
(2427, 144, 97, 1),
(2428, 145, 97, 1),
(2429, 146, 97, 1),
(2430, 147, 97, 1),
(2431, 148, 97, 1),
(2432, 149, 97, 1),
(2433, 150, 97, 1),
(2434, 151, 97, 1),
(2435, 359, 97, 1),
(2436, 360, 97, 1),
(2437, 361, 97, 1),
(2438, 142, 98, 1),
(2439, 145, 98, 1),
(2440, 149, 98, 1),
(2441, 150, 98, 1),
(2442, 151, 98, 1),
(2443, 357, 98, 1),
(2444, 358, 98, 1),
(2445, 359, 98, 1),
(2446, 360, 98, 1),
(2447, 361, 98, 1),
(2448, 362, 98, 1),
(2449, 363, 98, 1),
(2450, 364, 98, 1),
(2451, 365, 98, 1),
(2452, 249, 74, 1),
(2453, 252, 74, 1),
(2454, 253, 74, 1),
(2455, 257, 74, 1),
(2456, 258, 74, 1),
(2457, 259, 74, 1),
(2458, 366, 74, 1),
(2459, 367, 74, 1),
(2460, 368, 74, 1),
(2461, 369, 74, 1),
(2462, 370, 74, 1),
(2463, 371, 74, 1),
(2464, 372, 74, 1),
(2465, 373, 74, 1),
(2466, 374, 74, 1),
(2467, 253, 75, 1),
(2468, 366, 75, 1),
(2469, 367, 75, 1),
(2470, 368, 75, 1),
(2471, 369, 75, 1),
(2472, 370, 75, 1),
(2473, 371, 75, 1),
(2474, 372, 75, 1),
(2475, 373, 75, 1),
(2476, 374, 75, 1),
(2477, 260, 76, 1),
(2478, 251, 76, 1),
(2479, 253, 76, 1),
(2480, 257, 76, 1),
(2481, 258, 76, 1),
(2482, 367, 76, 1),
(2483, 368, 76, 1),
(2484, 373, 76, 1),
(2485, 372, 76, 1),
(2486, 371, 76, 1),
(2487, 260, 77, 1),
(2488, 252, 77, 1),
(2489, 253, 77, 1),
(2490, 254, 77, 1),
(2491, 249, 78, 1),
(2492, 260, 78, 1),
(2493, 251, 78, 1),
(2494, 252, 78, 1),
(2495, 254, 78, 1),
(2496, 255, 78, 1),
(2497, 256, 78, 1),
(2498, 257, 80, 1),
(2499, 258, 80, 1),
(2500, 259, 80, 1),
(2501, 366, 80, 1),
(2502, 367, 80, 1),
(2503, 368, 80, 1),
(2504, 369, 80, 1),
(2505, 370, 80, 1),
(2506, 371, 80, 1),
(2507, 372, 80, 1),
(2508, 373, 80, 1),
(2509, 374, 80, 1),
(2510, 249, 81, 1),
(2511, 260, 81, 1),
(2512, 251, 81, 1),
(2513, 252, 81, 1),
(2514, 253, 81, 1),
(2515, 254, 81, 1),
(2516, 255, 81, 1),
(2517, 256, 81, 1),
(2518, 257, 81, 1),
(2519, 258, 81, 1),
(2520, 259, 81, 1),
(2521, 366, 81, 1),
(2522, 367, 81, 1),
(2523, 368, 81, 1),
(2524, 369, 81, 1),
(2525, 370, 81, 1),
(2526, 371, 81, 1),
(2527, 372, 81, 1),
(2528, 373, 81, 1),
(2529, 374, 81, 1),
(2530, 260, 82, 1),
(2531, 252, 82, 1),
(2532, 253, 82, 1),
(2533, 254, 82, 1),
(2534, 255, 82, 1),
(2535, 256, 82, 1),
(2536, 257, 82, 1),
(2537, 258, 82, 1),
(2538, 259, 82, 1),
(2539, 366, 82, 1),
(2540, 367, 82, 1),
(2541, 368, 82, 1),
(2542, 369, 82, 1),
(2543, 370, 82, 1),
(2544, 371, 82, 1),
(2545, 372, 82, 1),
(2546, 373, 82, 1),
(2547, 374, 82, 1),
(2548, 249, 83, 1),
(2549, 251, 83, 1),
(2550, 252, 83, 1),
(2551, 253, 83, 1),
(2552, 254, 83, 1),
(2553, 255, 83, 1),
(2554, 256, 83, 1),
(2555, 258, 83, 1),
(2556, 259, 83, 1),
(2557, 366, 83, 1),
(2558, 367, 83, 1),
(2559, 368, 83, 1),
(2560, 369, 83, 1),
(2561, 371, 83, 1),
(2562, 372, 83, 1),
(2563, 373, 83, 1),
(2564, 249, 84, 1),
(2565, 253, 84, 1),
(2566, 254, 84, 1),
(2567, 255, 84, 1),
(2568, 256, 84, 1),
(2569, 257, 84, 1),
(2570, 258, 84, 1),
(2571, 259, 84, 1),
(2572, 366, 84, 1),
(2573, 367, 84, 1),
(2574, 368, 84, 1),
(2575, 369, 84, 1),
(2576, 370, 84, 1),
(2577, 371, 84, 1),
(2578, 372, 84, 1),
(2579, 373, 84, 1),
(2580, 374, 84, 1),
(2581, 253, 88, 1),
(2582, 254, 88, 1),
(2583, 255, 88, 1),
(2584, 256, 88, 1),
(2585, 257, 88, 1),
(2586, 258, 88, 1),
(2587, 259, 88, 1),
(2588, 366, 88, 1),
(2589, 367, 88, 1),
(2590, 368, 88, 1),
(2591, 369, 88, 1),
(2592, 370, 88, 1),
(2593, 371, 88, 1),
(2594, 372, 88, 1),
(2595, 373, 88, 1),
(2596, 374, 88, 1),
(2597, 249, 89, 1),
(2598, 260, 89, 1),
(2599, 251, 89, 1),
(2600, 252, 89, 1),
(2601, 253, 89, 1),
(2602, 254, 89, 1),
(2603, 255, 89, 1),
(2604, 256, 89, 1),
(2605, 257, 89, 1),
(2606, 258, 89, 1),
(2607, 259, 89, 1),
(2608, 366, 89, 1),
(2609, 367, 89, 1),
(2610, 368, 89, 1),
(2611, 369, 89, 1),
(2612, 370, 89, 1),
(2613, 371, 89, 1),
(2614, 372, 89, 1),
(2615, 373, 89, 1),
(2616, 374, 89, 1),
(2617, 249, 90, 1),
(2618, 253, 90, 1),
(2619, 254, 90, 1),
(2620, 256, 90, 1),
(2621, 255, 90, 1),
(2622, 257, 90, 1),
(2623, 258, 90, 1),
(2624, 259, 90, 1),
(2625, 366, 90, 1),
(2626, 367, 90, 1),
(2627, 368, 90, 1),
(2628, 369, 90, 1),
(2629, 370, 90, 1),
(2630, 371, 90, 1),
(2631, 372, 90, 1),
(2632, 373, 90, 1),
(2633, 374, 90, 1),
(2634, 260, 91, 1),
(2635, 253, 91, 1),
(2636, 257, 91, 1),
(2637, 258, 91, 1),
(2638, 259, 91, 1),
(2639, 366, 91, 1),
(2640, 367, 91, 1),
(2641, 368, 91, 1),
(2642, 369, 91, 1),
(2643, 370, 91, 1),
(2644, 371, 91, 1),
(2645, 372, 91, 1),
(2646, 373, 91, 1),
(2647, 374, 91, 1),
(2648, 249, 92, 1),
(2649, 256, 92, 1),
(2650, 257, 92, 1),
(2651, 258, 92, 1),
(2652, 259, 92, 1),
(2653, 366, 92, 1),
(2654, 367, 92, 1),
(2655, 368, 92, 1),
(2656, 369, 92, 1),
(2657, 370, 92, 1),
(2658, 371, 92, 1),
(2659, 372, 92, 1),
(2660, 373, 92, 1),
(2661, 374, 92, 1),
(2662, 249, 93, 1),
(2663, 260, 93, 1),
(2664, 251, 93, 1),
(2665, 252, 93, 1),
(2666, 253, 93, 1),
(2667, 254, 93, 1),
(2668, 255, 93, 1),
(2669, 256, 93, 1),
(2670, 257, 93, 1),
(2671, 258, 93, 1),
(2672, 259, 93, 1),
(2673, 366, 93, 1),
(2674, 367, 93, 1),
(2675, 368, 93, 1),
(2676, 369, 93, 1),
(2677, 370, 93, 1),
(2678, 371, 93, 1),
(2679, 372, 93, 1),
(2680, 373, 93, 1),
(2681, 374, 93, 1),
(2682, 249, 94, 1),
(2683, 251, 94, 1),
(2684, 252, 94, 1),
(2685, 253, 94, 1),
(2686, 254, 94, 1),
(2687, 255, 94, 1),
(2688, 256, 94, 1),
(2689, 257, 94, 1),
(2690, 258, 94, 1),
(2691, 259, 94, 1),
(2692, 366, 94, 1),
(2693, 367, 94, 1),
(2694, 368, 94, 1),
(2695, 369, 94, 1),
(2696, 370, 94, 1),
(2697, 371, 94, 1),
(2698, 372, 94, 1),
(2699, 373, 94, 1),
(2700, 374, 94, 1),
(2701, 249, 95, 1),
(2702, 260, 95, 1),
(2703, 251, 95, 1),
(2704, 252, 95, 1),
(2705, 253, 95, 1),
(2706, 254, 95, 1),
(2707, 255, 95, 1),
(2708, 256, 95, 1),
(2709, 257, 95, 1),
(2710, 258, 95, 1),
(2711, 259, 95, 1),
(2712, 366, 95, 1),
(2713, 367, 95, 1),
(2714, 368, 95, 1),
(2715, 369, 95, 1),
(2716, 370, 95, 1),
(2717, 371, 95, 1),
(2718, 372, 95, 1),
(2719, 373, 95, 1),
(2720, 374, 95, 1),
(2721, 249, 96, 1),
(2722, 252, 96, 1),
(2723, 254, 96, 1),
(2724, 255, 96, 1),
(2725, 256, 96, 1),
(2726, 259, 96, 1),
(2727, 369, 96, 1),
(2728, 370, 96, 1),
(2729, 249, 97, 1),
(2730, 260, 97, 1),
(2731, 251, 97, 1),
(2732, 252, 97, 1),
(2733, 253, 97, 1),
(2734, 254, 97, 1),
(2735, 255, 97, 1),
(2736, 256, 97, 1),
(2737, 257, 97, 1),
(2738, 258, 97, 1),
(2739, 259, 97, 1),
(2740, 368, 97, 1),
(2741, 369, 97, 1),
(2742, 370, 97, 1),
(2743, 260, 98, 1),
(2744, 253, 98, 1),
(2745, 257, 98, 1),
(2746, 258, 98, 1),
(2747, 259, 98, 1),
(2748, 366, 98, 1),
(2749, 367, 98, 1),
(2750, 368, 98, 1),
(2751, 369, 98, 1),
(2752, 370, 98, 1),
(2753, 371, 98, 1),
(2754, 372, 98, 1),
(2755, 373, 98, 1),
(2756, 374, 98, 1),
(2757, 261, 74, 1),
(2758, 264, 74, 1),
(2759, 265, 74, 1),
(2760, 269, 74, 1),
(2761, 270, 74, 1),
(2762, 271, 74, 1),
(2763, 375, 74, 1),
(2764, 376, 74, 1),
(2765, 377, 74, 1),
(2766, 378, 74, 1),
(2767, 379, 74, 1),
(2768, 380, 74, 1),
(2769, 381, 74, 1),
(2770, 382, 74, 1),
(2771, 383, 74, 1),
(2772, 265, 75, 1),
(2773, 375, 75, 1),
(2774, 376, 75, 1),
(2775, 377, 75, 1),
(2776, 378, 75, 1),
(2777, 379, 75, 1),
(2778, 380, 75, 1),
(2779, 381, 75, 1),
(2780, 382, 75, 1),
(2781, 383, 75, 1),
(2782, 262, 76, 1),
(2783, 263, 76, 1),
(2784, 265, 76, 1),
(2785, 269, 76, 1),
(2786, 270, 76, 1),
(2787, 376, 76, 1),
(2788, 377, 76, 1),
(2789, 380, 76, 1),
(2790, 381, 76, 1),
(2791, 382, 76, 1),
(2792, 262, 77, 1),
(2793, 264, 77, 1),
(2794, 265, 77, 1),
(2795, 266, 77, 1),
(2796, 261, 78, 1),
(2797, 262, 78, 1),
(2798, 263, 78, 1),
(2799, 264, 78, 1),
(2800, 266, 78, 1),
(2801, 267, 78, 1),
(2802, 268, 78, 1),
(2803, 269, 80, 1),
(2804, 270, 80, 1),
(2805, 271, 80, 1),
(2806, 375, 80, 1),
(2807, 376, 80, 1),
(2808, 377, 80, 1),
(2809, 378, 80, 1),
(2810, 379, 80, 1),
(2811, 380, 80, 1),
(2812, 381, 80, 1),
(2813, 382, 80, 1),
(2814, 383, 80, 1),
(2815, 261, 81, 1),
(2816, 262, 81, 1),
(2817, 263, 81, 1),
(2818, 264, 81, 1),
(2819, 265, 81, 1),
(2820, 266, 81, 1),
(2821, 267, 81, 1),
(2822, 268, 81, 1),
(2823, 269, 81, 1),
(2824, 270, 81, 1),
(2825, 271, 81, 1),
(2826, 375, 81, 1),
(2827, 376, 81, 1),
(2828, 377, 81, 1),
(2829, 378, 81, 1),
(2830, 379, 81, 1),
(2831, 380, 81, 1),
(2832, 381, 81, 1),
(2833, 382, 81, 1),
(2834, 383, 81, 1),
(2835, 262, 82, 1),
(2836, 264, 82, 1),
(2837, 265, 82, 1),
(2838, 266, 82, 1),
(2839, 267, 82, 1),
(2840, 268, 82, 1),
(2841, 269, 82, 1),
(2842, 270, 82, 1),
(2843, 271, 82, 1),
(2844, 375, 82, 1),
(2845, 376, 82, 1),
(2846, 377, 82, 1),
(2847, 378, 82, 1),
(2848, 379, 82, 1),
(2849, 380, 82, 1),
(2850, 381, 82, 1),
(2851, 382, 82, 1),
(2852, 383, 82, 1),
(2853, 261, 83, 1),
(2854, 263, 83, 1),
(2855, 264, 83, 1),
(2856, 265, 83, 1),
(2857, 266, 83, 1),
(2858, 267, 83, 1),
(2859, 268, 83, 1),
(2860, 270, 83, 1),
(2861, 271, 83, 1),
(2862, 375, 83, 1),
(2863, 376, 83, 1),
(2864, 377, 83, 1),
(2865, 378, 83, 1),
(2866, 380, 83, 1),
(2867, 381, 83, 1),
(2868, 382, 83, 1),
(2869, 261, 84, 1),
(2870, 265, 84, 1),
(2871, 266, 84, 1),
(2872, 267, 84, 1),
(2873, 268, 84, 1),
(2874, 269, 84, 1),
(2875, 270, 84, 1),
(2876, 271, 84, 1),
(2877, 375, 84, 1),
(2878, 376, 84, 1),
(2879, 377, 84, 1),
(2880, 378, 84, 1),
(2881, 379, 84, 1),
(2882, 380, 84, 1),
(2883, 381, 84, 1),
(2884, 382, 84, 1),
(2885, 383, 84, 1),
(2886, 265, 88, 1),
(2887, 266, 88, 1),
(2888, 267, 88, 1),
(2889, 268, 88, 1),
(2890, 269, 88, 1),
(2891, 270, 88, 1),
(2892, 271, 88, 1),
(2893, 375, 88, 1),
(2894, 376, 88, 1),
(2895, 377, 88, 1),
(2896, 378, 88, 1),
(2897, 379, 88, 1),
(2898, 380, 88, 1),
(2899, 381, 88, 1),
(2900, 382, 88, 1),
(2901, 383, 88, 1),
(2902, 261, 89, 1),
(2903, 262, 89, 1),
(2904, 263, 89, 1),
(2905, 264, 89, 1),
(2906, 265, 89, 1),
(2907, 266, 89, 1),
(2908, 267, 89, 1),
(2909, 268, 89, 1),
(2910, 269, 89, 1),
(2911, 270, 89, 1),
(2912, 271, 89, 1),
(2913, 375, 89, 1),
(2914, 376, 89, 1),
(2915, 377, 89, 1),
(2916, 378, 89, 1),
(2917, 379, 89, 1),
(2918, 380, 89, 1),
(2919, 381, 89, 1),
(2920, 382, 89, 1),
(2921, 383, 89, 1),
(2922, 261, 90, 1),
(2923, 265, 90, 1),
(2924, 266, 90, 1),
(2925, 267, 90, 1),
(2926, 268, 90, 1),
(2927, 269, 90, 1),
(2928, 270, 90, 1),
(2929, 271, 90, 1),
(2930, 375, 90, 1),
(2931, 376, 90, 1),
(2932, 377, 90, 1),
(2933, 378, 90, 1),
(2934, 379, 90, 1),
(2935, 380, 90, 1),
(2936, 381, 90, 1),
(2937, 382, 90, 1),
(2938, 383, 90, 1),
(2939, 262, 91, 1),
(2940, 265, 91, 1),
(2941, 269, 91, 1),
(2942, 270, 91, 1),
(2943, 271, 91, 1),
(2944, 375, 91, 1),
(2945, 376, 91, 1),
(2946, 377, 91, 1),
(2947, 378, 91, 1),
(2948, 379, 91, 1),
(2949, 380, 91, 1),
(2950, 381, 91, 1),
(2951, 382, 91, 1),
(2952, 383, 91, 1),
(2953, 261, 92, 1),
(2954, 268, 92, 1),
(2955, 269, 92, 1),
(2956, 270, 92, 1),
(2957, 271, 92, 1),
(2958, 375, 92, 1),
(2959, 376, 92, 1),
(2960, 377, 92, 1),
(2961, 378, 92, 1),
(2962, 379, 92, 1),
(2963, 380, 92, 1),
(2964, 381, 92, 1),
(2965, 382, 92, 1),
(2966, 383, 92, 1),
(2967, 261, 93, 1),
(2968, 262, 93, 1),
(2969, 263, 93, 1),
(2970, 264, 93, 1),
(2971, 265, 93, 1),
(2972, 266, 93, 1),
(2973, 267, 93, 1),
(2974, 268, 93, 1),
(2975, 269, 93, 1),
(2976, 270, 93, 1),
(2977, 271, 93, 1),
(2978, 375, 93, 1),
(2979, 376, 93, 1),
(2980, 377, 93, 1),
(2981, 378, 93, 1),
(2982, 379, 93, 1),
(2983, 380, 93, 1),
(2984, 381, 93, 1),
(2985, 382, 93, 1),
(2986, 383, 93, 1),
(2987, 261, 94, 1),
(2988, 263, 94, 1),
(2989, 264, 94, 1),
(2990, 265, 94, 1),
(2991, 266, 94, 1),
(2992, 267, 94, 1),
(2993, 268, 94, 1),
(2994, 269, 94, 1),
(2995, 270, 94, 1),
(2996, 271, 94, 1),
(2997, 375, 94, 1),
(2998, 376, 94, 1),
(2999, 377, 94, 1),
(3000, 378, 94, 1),
(3001, 379, 94, 1),
(3002, 380, 94, 1),
(3003, 381, 94, 1),
(3004, 382, 94, 1),
(3005, 383, 94, 1),
(3006, 261, 95, 1),
(3007, 262, 95, 1),
(3008, 263, 95, 1),
(3009, 264, 95, 1),
(3010, 265, 95, 1),
(3011, 266, 95, 1),
(3012, 267, 95, 1),
(3013, 268, 95, 1),
(3014, 269, 95, 1),
(3015, 270, 95, 1),
(3016, 271, 95, 1),
(3017, 375, 95, 1),
(3018, 376, 95, 1),
(3019, 377, 95, 1);
INSERT INTO `lessons_group_student` (`lessons_group_student_id`, `lessons_group_id`, `student_id`, `student_grade`) VALUES
(3020, 378, 95, 1),
(3021, 379, 95, 1),
(3022, 380, 95, 1),
(3023, 381, 95, 1),
(3024, 382, 95, 1),
(3025, 383, 95, 1),
(3026, 261, 96, 1),
(3027, 264, 96, 1),
(3028, 266, 96, 1),
(3029, 267, 96, 1),
(3030, 268, 96, 1),
(3031, 271, 96, 1),
(3032, 378, 96, 1),
(3033, 379, 96, 1),
(3034, 261, 97, 1),
(3035, 262, 97, 1),
(3036, 263, 97, 1),
(3037, 264, 97, 1),
(3038, 265, 97, 1),
(3039, 266, 97, 1),
(3040, 267, 97, 1),
(3041, 268, 97, 1),
(3042, 269, 97, 1),
(3043, 270, 97, 1),
(3044, 271, 97, 1),
(3045, 377, 97, 1),
(3046, 378, 97, 1),
(3047, 379, 97, 1),
(3048, 262, 98, 1),
(3049, 265, 98, 1),
(3050, 269, 98, 1),
(3051, 270, 98, 1),
(3052, 271, 98, 1),
(3053, 375, 98, 1),
(3054, 376, 98, 1),
(3055, 377, 98, 1),
(3056, 378, 98, 1),
(3057, 379, 98, 1),
(3058, 380, 98, 1),
(3059, 381, 98, 1),
(3060, 382, 98, 1),
(3061, 383, 98, 1),
(3062, 184, 118, 1),
(3063, 287, 118, 1),
(3064, 289, 118, 1),
(3065, 186, 118, 1),
(3066, 190, 102, 1),
(3067, 293, 102, 1),
(3068, 185, 102, 1),
(3069, 182, 116, 1),
(3070, 183, 116, 1),
(3071, 184, 116, 1),
(3072, 285, 116, 1),
(3073, 286, 116, 1),
(3074, 287, 116, 1),
(3075, 288, 110, 1),
(3076, 185, 110, 1),
(3077, 283, 103, 1),
(3078, 187, 118, 1),
(3079, 188, 118, 1),
(3080, 185, 118, 1),
(3081, 288, 118, 1),
(3082, 290, 118, 1),
(3083, 291, 118, 1),
(3084, 283, 121, 1),
(3085, 283, 122, 1),
(3086, 187, 109, 1),
(3087, 188, 109, 1),
(3088, 290, 109, 1),
(3089, 291, 109, 1),
(3090, 285, 107, 1),
(3091, 286, 107, 1),
(3092, 287, 107, 1),
(3093, 288, 107, 1),
(3094, 289, 107, 1),
(3095, 290, 107, 1),
(3096, 291, 107, 1),
(3097, 187, 107, 1),
(3098, 188, 107, 1),
(3099, 185, 122, 1),
(3100, 188, 122, 1),
(3101, 288, 122, 1),
(3102, 291, 122, 1),
(3103, 184, 106, 1),
(3104, 185, 106, 1),
(3105, 187, 106, 1),
(3106, 188, 106, 1),
(3107, 287, 106, 1),
(3108, 288, 106, 1),
(3109, 289, 106, 1),
(3110, 290, 106, 1),
(3111, 291, 106, 1),
(3112, 288, 116, 1),
(3113, 289, 116, 1),
(3114, 290, 116, 1),
(3115, 291, 116, 1),
(3116, 185, 116, 1),
(3117, 186, 116, 1),
(3118, 187, 116, 1),
(3119, 188, 116, 1),
(3120, 199, 127, 1),
(3121, 200, 127, 1),
(3122, 201, 127, 1),
(3123, 193, 131, 1),
(3124, 194, 131, 1),
(3125, 195, 131, 1),
(3126, 192, 134, 1),
(3127, 193, 134, 1),
(3128, 197, 134, 1),
(3129, 198, 134, 1),
(3130, 193, 135, 1),
(3131, 194, 135, 1),
(3132, 195, 135, 1),
(3133, 197, 135, 1),
(3134, 198, 135, 1),
(3135, 199, 135, 1),
(3136, 200, 135, 1),
(3137, 201, 135, 1),
(3138, 200, 142, 1),
(3139, 201, 142, 1),
(3140, 196, 143, 1),
(3141, 200, 143, 1),
(3142, 192, 144, 1),
(3143, 193, 144, 1),
(3144, 194, 144, 1),
(3145, 195, 144, 1),
(3146, 197, 144, 1),
(3147, 198, 144, 1),
(3148, 199, 144, 1),
(3149, 200, 144, 1),
(3150, 201, 144, 1),
(3151, 195, 146, 1),
(3152, 197, 146, 1),
(3153, 198, 146, 1),
(3154, 199, 146, 1),
(3155, 200, 146, 1),
(3156, 192, 148, 1),
(3157, 193, 148, 1),
(3158, 194, 148, 1),
(3159, 195, 148, 1),
(3160, 279, 127, 1),
(3161, 280, 127, 1),
(3162, 281, 127, 1),
(3163, 273, 131, 1),
(3164, 274, 131, 1),
(3165, 275, 131, 1),
(3166, 272, 134, 1),
(3167, 273, 134, 1),
(3168, 277, 134, 1),
(3169, 278, 134, 1),
(3170, 273, 135, 1),
(3171, 274, 135, 1),
(3172, 275, 135, 1),
(3173, 277, 135, 1),
(3174, 278, 135, 1),
(3175, 279, 135, 1),
(3176, 280, 135, 1),
(3177, 281, 135, 1),
(3178, 280, 142, 1),
(3179, 281, 142, 1),
(3180, 276, 143, 1),
(3181, 280, 143, 1),
(3182, 272, 144, 1),
(3183, 273, 144, 1),
(3184, 274, 144, 1),
(3185, 275, 144, 1),
(3186, 277, 144, 1),
(3187, 278, 144, 1),
(3188, 279, 144, 1),
(3189, 280, 144, 1),
(3190, 281, 144, 1),
(3191, 275, 146, 1),
(3192, 277, 146, 1),
(3193, 278, 146, 1),
(3194, 279, 146, 1),
(3195, 280, 146, 1),
(3196, 272, 148, 1),
(3197, 273, 148, 1),
(3198, 274, 148, 1),
(3199, 275, 148, 1),
(3200, 272, 131, 1),
(3201, 276, 131, 1),
(3202, 277, 131, 1),
(3203, 278, 131, 1),
(3204, 279, 131, 1),
(3205, 192, 131, 1),
(3206, 196, 131, 1),
(3207, 197, 131, 1),
(3208, 198, 131, 1),
(3209, 199, 131, 1),
(3210, 196, 148, 1),
(3211, 197, 148, 1),
(3212, 198, 148, 1),
(3213, 199, 148, 1),
(3214, 276, 148, 1),
(3215, 277, 148, 1),
(3216, 278, 148, 1),
(3217, 279, 148, 1),
(3218, 280, 148, 0),
(3219, 303, 21, 1),
(3220, 304, 21, 1),
(3221, 305, 21, 1),
(3222, 306, 21, 1),
(3223, 307, 21, 1),
(3224, 308, 21, 1),
(3225, 309, 21, 1),
(3226, 310, 21, 1),
(3227, 311, 21, 1),
(3228, 118, 38, 1),
(3229, 305, 38, 1),
(3230, 306, 38, 1),
(3231, 307, 38, 1),
(3232, 308, 38, 1),
(3233, 309, 38, 1),
(3234, 310, 38, 1),
(3235, 214, 42, 1),
(3236, 303, 42, 1),
(3237, 304, 42, 1),
(3238, 305, 42, 1),
(3239, 306, 42, 1),
(3240, 307, 42, 1),
(3241, 308, 42, 1),
(3242, 309, 42, 1),
(3243, 310, 42, 1),
(3244, 311, 42, 1),
(3245, 127, 44, 1),
(3246, 303, 44, 1),
(3247, 304, 44, 1),
(3248, 305, 44, 1),
(3249, 306, 44, 1),
(3250, 307, 44, 1),
(3251, 312, 21, 1),
(3252, 313, 21, 1),
(3253, 314, 21, 1),
(3254, 315, 21, 1),
(3255, 316, 21, 1),
(3256, 317, 21, 1),
(3257, 318, 21, 1),
(3258, 319, 21, 1),
(3259, 320, 21, 1),
(3260, 207, 38, 1),
(3261, 314, 38, 1),
(3262, 315, 38, 1),
(3263, 316, 38, 1),
(3264, 317, 38, 1),
(3265, 318, 38, 1),
(3266, 319, 38, 1),
(3267, 205, 42, 1),
(3268, 312, 42, 1),
(3269, 313, 42, 1),
(3270, 314, 42, 1),
(3271, 315, 42, 1),
(3272, 316, 42, 1),
(3273, 317, 42, 1),
(3274, 318, 42, 1),
(3275, 319, 42, 1),
(3276, 320, 42, 1),
(3277, 213, 44, 1),
(3278, 312, 44, 1),
(3279, 313, 44, 1),
(3280, 314, 44, 1),
(3281, 315, 44, 1),
(3282, 316, 44, 1),
(3283, 321, 21, 1),
(3284, 322, 21, 1),
(3285, 323, 21, 1),
(3286, 324, 21, 1),
(3287, 325, 21, 1),
(3288, 326, 21, 1),
(3289, 327, 21, 1),
(3290, 328, 21, 1),
(3291, 329, 21, 1),
(3292, 219, 38, 1),
(3293, 323, 38, 1),
(3294, 324, 38, 1),
(3295, 325, 38, 1),
(3296, 326, 38, 1),
(3297, 327, 38, 1),
(3298, 328, 38, 1),
(3299, 217, 42, 1),
(3300, 321, 42, 1),
(3301, 322, 42, 1),
(3302, 323, 42, 1),
(3303, 324, 42, 1),
(3304, 325, 42, 1),
(3305, 326, 42, 1),
(3306, 327, 42, 1),
(3307, 328, 42, 1),
(3308, 329, 42, 1),
(3309, 225, 44, 1),
(3310, 321, 44, 1),
(3311, 322, 44, 1),
(3312, 323, 44, 1),
(3313, 324, 44, 1),
(3314, 325, 44, 1),
(3315, 133, 46, 1),
(3316, 134, 46, 1),
(3317, 135, 46, 1),
(3318, 136, 46, 1),
(3319, 137, 46, 1),
(3320, 138, 46, 1),
(3321, 232, 46, 1),
(3322, 233, 46, 1),
(3323, 234, 46, 1),
(3324, 235, 46, 1),
(3325, 236, 46, 1),
(3326, 237, 46, 1),
(3327, 243, 46, 1),
(3328, 244, 46, 1),
(3329, 245, 46, 1),
(3330, 246, 46, 1),
(3331, 247, 46, 1),
(3332, 248, 46, 1),
(3333, 133, 56, 1),
(3334, 134, 56, 1),
(3335, 135, 56, 1),
(3336, 136, 56, 1),
(3337, 137, 56, 1),
(3338, 138, 56, 1),
(3339, 243, 56, 1),
(3340, 244, 56, 1),
(3341, 245, 56, 1),
(3342, 246, 56, 1),
(3343, 247, 56, 1),
(3344, 248, 56, 1),
(3345, 232, 56, 1),
(3346, 233, 56, 1),
(3347, 234, 56, 1),
(3348, 235, 56, 1),
(3349, 236, 56, 1),
(3350, 237, 56, 1),
(3351, 227, 60, 1),
(3352, 347, 63, 1),
(3353, 347, 70, 1),
(3354, 235, 72, 1),
(3355, 346, 72, 1),
(3356, 234, 73, 1),
(3357, 235, 73, 1),
(3358, 236, 73, 1),
(3359, 237, 73, 1),
(3360, 339, 73, 1),
(3361, 340, 73, 1),
(3362, 341, 73, 1),
(3363, 342, 73, 1),
(3364, 337, 63, 1),
(3365, 337, 70, 1),
(3366, 136, 72, 1),
(3367, 135, 73, 1),
(3368, 136, 73, 1),
(3369, 137, 73, 1),
(3370, 138, 73, 1),
(3371, 226, 73, 1),
(3372, 330, 73, 1),
(3373, 331, 73, 1),
(3374, 332, 73, 1),
(3375, 356, 63, 1),
(3376, 355, 70, 1),
(3377, 356, 70, 1),
(3378, 246, 72, 1),
(3379, 238, 60, 1),
(3380, 128, 60, 1),
(3381, 245, 73, 1),
(3382, 246, 73, 1),
(3383, 247, 73, 1),
(3384, 248, 73, 1),
(3385, 348, 73, 1),
(3386, 349, 73, 1),
(3387, 350, 73, 1),
(3388, 351, 73, 1),
(3389, 146, 74, 1),
(3390, 147, 74, 1),
(3391, 148, 74, 1),
(3392, 141, 76, 1),
(3393, 144, 76, 1),
(3394, 146, 76, 1),
(3395, 147, 76, 1),
(3396, 148, 76, 1),
(3397, 151, 76, 1),
(3398, 357, 76, 1),
(3399, 360, 76, 1),
(3400, 361, 76, 1),
(3401, 141, 77, 1),
(3402, 147, 77, 1),
(3403, 148, 77, 1),
(3404, 149, 77, 1),
(3405, 150, 77, 1),
(3406, 151, 77, 1),
(3407, 357, 77, 1),
(3408, 358, 77, 1),
(3409, 359, 77, 1),
(3410, 360, 77, 1),
(3411, 361, 77, 1),
(3412, 362, 77, 1),
(3413, 363, 77, 1),
(3414, 364, 77, 1),
(3415, 365, 77, 1),
(3416, 150, 78, 1),
(3417, 151, 78, 1),
(3418, 357, 78, 1),
(3419, 358, 78, 1),
(3420, 359, 78, 1),
(3421, 360, 78, 1),
(3422, 361, 78, 1),
(3423, 362, 78, 1),
(3424, 363, 78, 1),
(3425, 364, 78, 1),
(3426, 365, 78, 1),
(3427, 141, 85, 1),
(3428, 143, 85, 1),
(3429, 144, 85, 1),
(3430, 145, 85, 1),
(3431, 146, 85, 1),
(3432, 147, 85, 1),
(3433, 148, 85, 1),
(3434, 149, 85, 1),
(3435, 150, 85, 1),
(3436, 151, 85, 1),
(3437, 357, 85, 1),
(3438, 358, 85, 1),
(3439, 359, 85, 1),
(3440, 360, 85, 1),
(3441, 361, 85, 1),
(3442, 362, 85, 1),
(3443, 363, 85, 1),
(3444, 364, 85, 1),
(3445, 365, 85, 1),
(3446, 142, 96, 1),
(3447, 143, 96, 1),
(3448, 145, 96, 1),
(3449, 149, 96, 1),
(3450, 150, 96, 1),
(3451, 358, 96, 1),
(3452, 359, 96, 1),
(3453, 362, 96, 1),
(3454, 363, 96, 1),
(3455, 364, 96, 1),
(3456, 254, 74, 1),
(3457, 255, 74, 1),
(3458, 256, 74, 1),
(3459, 249, 76, 1),
(3460, 252, 76, 1),
(3461, 254, 76, 1),
(3462, 255, 76, 1),
(3463, 256, 76, 1),
(3464, 259, 76, 1),
(3465, 366, 76, 1),
(3466, 369, 76, 1),
(3467, 370, 76, 1),
(3468, 249, 77, 1),
(3469, 255, 77, 1),
(3470, 256, 77, 1),
(3471, 257, 77, 1),
(3472, 258, 77, 1),
(3473, 259, 77, 1),
(3474, 366, 77, 1),
(3475, 367, 77, 1),
(3476, 368, 77, 1),
(3477, 369, 77, 1),
(3478, 370, 77, 1),
(3479, 371, 77, 1),
(3480, 372, 77, 1),
(3481, 373, 77, 1),
(3482, 374, 77, 1),
(3483, 258, 78, 1),
(3484, 259, 78, 1),
(3485, 366, 78, 1),
(3486, 367, 78, 1),
(3487, 368, 78, 1),
(3488, 369, 78, 1),
(3489, 370, 78, 1),
(3490, 371, 78, 1),
(3491, 372, 78, 1),
(3492, 373, 78, 1),
(3493, 374, 78, 1),
(3494, 249, 85, 1),
(3495, 251, 85, 1),
(3496, 252, 85, 1),
(3497, 253, 85, 1),
(3498, 254, 85, 1),
(3499, 255, 85, 1),
(3500, 256, 85, 1),
(3501, 257, 85, 1),
(3502, 258, 85, 1),
(3503, 259, 85, 1),
(3504, 366, 85, 1),
(3505, 367, 85, 1),
(3506, 368, 85, 1),
(3507, 369, 85, 1),
(3508, 370, 85, 1),
(3509, 371, 85, 1),
(3510, 372, 85, 1),
(3511, 373, 85, 1),
(3512, 374, 85, 1),
(3513, 260, 96, 1),
(3514, 251, 96, 1),
(3515, 253, 96, 1),
(3516, 257, 96, 1),
(3517, 258, 96, 1),
(3518, 367, 96, 1),
(3519, 368, 96, 1),
(3520, 371, 96, 1),
(3521, 372, 96, 1),
(3522, 373, 96, 1),
(3523, 266, 74, 1),
(3524, 267, 74, 1),
(3525, 268, 74, 1),
(3526, 261, 76, 1),
(3527, 264, 76, 1),
(3528, 266, 76, 1),
(3529, 267, 76, 1),
(3530, 268, 76, 1),
(3531, 271, 76, 1),
(3532, 375, 76, 1),
(3533, 378, 76, 1),
(3534, 379, 76, 1),
(3535, 261, 77, 1),
(3536, 267, 77, 1),
(3537, 268, 77, 1),
(3538, 269, 77, 1),
(3539, 270, 77, 1),
(3540, 271, 77, 1),
(3541, 375, 77, 1),
(3542, 376, 77, 1),
(3543, 377, 77, 1),
(3544, 378, 77, 1),
(3545, 379, 77, 1),
(3546, 380, 77, 1),
(3547, 381, 77, 1),
(3548, 382, 77, 1),
(3549, 383, 77, 1),
(3550, 270, 78, 1),
(3551, 271, 78, 1),
(3552, 375, 78, 1),
(3553, 376, 78, 1),
(3554, 377, 78, 1),
(3555, 378, 78, 1),
(3556, 379, 78, 1),
(3557, 380, 78, 1),
(3558, 381, 78, 1),
(3559, 382, 78, 1),
(3560, 383, 78, 1),
(3561, 261, 85, 1),
(3562, 263, 85, 1),
(3563, 264, 85, 1),
(3564, 265, 85, 1),
(3565, 266, 85, 1),
(3566, 267, 85, 1),
(3567, 268, 85, 1),
(3568, 269, 85, 1),
(3569, 270, 85, 1),
(3570, 271, 85, 1),
(3571, 375, 85, 1),
(3572, 376, 85, 1),
(3573, 377, 85, 1),
(3574, 378, 85, 1),
(3575, 379, 85, 1),
(3576, 380, 85, 1),
(3577, 381, 85, 1),
(3578, 382, 85, 1),
(3579, 383, 85, 1),
(3580, 262, 96, 1),
(3581, 263, 96, 1),
(3582, 265, 96, 1),
(3583, 269, 96, 1),
(3584, 270, 96, 1),
(3585, 376, 96, 1),
(3586, 377, 96, 1),
(3587, 380, 96, 1),
(3588, 381, 96, 1),
(3589, 382, 96, 1),
(3590, 194, 134, 1),
(3591, 195, 134, 1),
(3592, 196, 134, 1),
(3593, 199, 134, 1),
(3594, 274, 134, 1),
(3595, 275, 134, 1),
(3596, 276, 134, 1),
(3597, 279, 134, 1),
(3598, 272, 128, 1),
(3599, 273, 128, 1),
(3600, 274, 128, 1),
(3601, 275, 128, 1),
(3602, 276, 128, 1),
(3603, 277, 128, 1),
(3604, 278, 128, 1),
(3605, 279, 128, 1),
(3606, 272, 129, 1),
(3607, 273, 129, 1),
(3608, 274, 129, 1),
(3609, 275, 129, 1),
(3610, 276, 129, 1),
(3611, 277, 129, 1),
(3612, 278, 129, 1),
(3613, 279, 129, 1),
(3614, 192, 128, 1),
(3615, 193, 128, 1),
(3616, 194, 128, 1),
(3617, 195, 128, 1),
(3618, 196, 128, 1),
(3619, 197, 128, 1),
(3620, 198, 128, 1),
(3621, 199, 128, 1),
(3622, 192, 129, 1),
(3623, 193, 129, 1),
(3624, 194, 129, 1),
(3625, 195, 129, 1),
(3626, 196, 129, 1),
(3627, 197, 129, 1),
(3628, 198, 129, 1),
(3629, 199, 129, 1),
(3630, 192, 137, 1),
(3631, 193, 137, 1),
(3632, 194, 137, 1),
(3633, 195, 137, 1),
(3634, 196, 137, 1),
(3635, 197, 137, 1),
(3636, 198, 137, 1),
(3637, 199, 137, 1),
(3638, 272, 137, 1),
(3639, 273, 137, 1),
(3640, 274, 137, 1),
(3641, 275, 137, 1),
(3642, 276, 137, 1),
(3643, 277, 137, 1),
(3644, 278, 137, 1),
(3645, 279, 137, 1),
(3646, 135, 49, 1),
(3647, 136, 49, 1),
(3648, 137, 49, 1),
(3649, 138, 49, 1),
(3650, 226, 49, 1),
(3651, 330, 49, 1),
(3652, 234, 49, 1),
(3653, 235, 49, 1),
(3654, 236, 49, 1),
(3655, 237, 49, 1),
(3656, 339, 49, 1),
(3657, 340, 49, 1),
(3658, 245, 49, 1),
(3659, 246, 49, 1),
(3660, 247, 49, 1),
(3661, 248, 49, 1),
(3662, 348, 49, 1),
(3663, 349, 49, 1),
(3664, 239, 56, 1),
(3665, 240, 56, 1),
(3666, 242, 56, 1),
(3667, 348, 56, 1),
(3668, 349, 56, 1),
(3669, 228, 56, 1),
(3670, 229, 56, 1),
(3671, 231, 56, 1),
(3672, 339, 56, 1),
(3673, 340, 56, 1),
(3674, 338, 56, 1),
(3675, 130, 56, 1),
(3676, 132, 56, 1),
(3677, 226, 56, 1),
(3678, 330, 56, 1),
(3679, 338, 60, 1),
(3680, 130, 60, 1),
(3681, 131, 60, 1),
(3682, 132, 60, 1),
(3683, 133, 60, 1),
(3684, 134, 60, 1),
(3685, 135, 60, 1),
(3686, 136, 60, 1),
(3687, 137, 60, 1),
(3688, 138, 60, 1),
(3689, 226, 60, 1),
(3690, 330, 60, 1),
(3691, 228, 60, 1),
(3692, 229, 60, 1),
(3693, 230, 60, 1),
(3694, 231, 60, 1),
(3695, 232, 60, 1),
(3696, 233, 60, 1),
(3697, 234, 60, 1),
(3698, 235, 60, 1),
(3699, 236, 60, 1),
(3700, 237, 60, 1),
(3701, 339, 60, 1),
(3702, 340, 60, 1),
(3703, 239, 60, 1),
(3704, 240, 60, 1),
(3705, 241, 60, 1),
(3706, 242, 60, 1),
(3707, 243, 60, 1),
(3708, 244, 60, 1),
(3709, 245, 60, 1),
(3710, 246, 60, 1),
(3711, 247, 60, 1),
(3712, 248, 60, 1),
(3713, 348, 60, 1),
(3714, 349, 60, 1),
(3715, 190, 118, 1),
(3716, 189, 118, 1),
(3717, 292, 118, 1),
(3718, 293, 118, 1),
(3719, 283, 149, 1),
(3720, 182, 149, 1),
(3721, 183, 149, 1),
(3722, 184, 149, 1),
(3723, 186, 149, 1),
(3724, 187, 149, 1),
(3725, 188, 149, 1),
(3726, 189, 149, 1),
(3727, 190, 149, 1),
(3728, 191, 149, 1),
(3729, 300, 149, 1),
(3730, 284, 103, 1),
(3731, 284, 121, 1),
(3732, 284, 149, 1),
(3733, 285, 149, 1),
(3734, 286, 149, 1),
(3735, 287, 149, 1),
(3736, 302, 149, 1),
(3737, 294, 149, 1),
(3738, 293, 149, 1),
(3739, 292, 149, 1),
(3740, 291, 149, 1),
(3741, 290, 149, 1),
(3742, 289, 149, 1),
(3743, 288, 149, 0),
(3744, 272, 140, 1),
(3745, 273, 140, 1),
(3746, 274, 140, 1),
(3747, 275, 140, 1),
(3748, 277, 140, 1),
(3749, 278, 140, 1),
(3750, 279, 140, 1),
(3751, 192, 140, 1),
(3752, 193, 140, 1),
(3753, 194, 140, 1),
(3754, 195, 140, 1),
(3755, 197, 140, 1),
(3756, 198, 140, 1),
(3757, 199, 140, 1),
(3758, 200, 140, 1),
(3759, 201, 140, 1),
(3760, 280, 140, 1),
(3761, 281, 140, 1),
(3762, 191, 110, 1),
(3763, 294, 110, 1);

-- --------------------------------------------------------

--
-- Структура таблицы `students`
--

CREATE TABLE `students` (
  `student_id` int NOT NULL,
  `full_name` varchar(256) CHARACTER SET utf8mb4 COLLATE utf8mb4_unicode_ci NOT NULL,
  `group_id` int NOT NULL
) ENGINE=InnoDB DEFAULT CHARSET=utf8mb4 COLLATE=utf8mb4_unicode_ci;

--
-- Дамп данных таблицы `students`
--

INSERT INTO `students` (`student_id`, `full_name`, `group_id`) VALUES
(20, 'Александров Михаил Дмитриевич', 18),
(21, 'Болотников Антон Олегович', 18),
(22, 'Дулич Владислав Александрович', 18),
(23, 'Жилин Павел Александрович', 18),
(24, 'Зюльганова Дарья Вячеславовна', 18),
(25, 'Иванова Ульяна Андреевна', 18),
(26, 'Карамышев Александр Олегович', 18),
(27, 'Квасов Артём Александрович', 18),
(28, 'Киляков Дмитрий Васильевич', 18),
(29, 'Лушников Дмитрий Андреевич', 18),
(30, 'Ляпустина Алина Николаевна', 18),
(31, 'Мазеина Ксения Максимовна', 18),
(32, 'Максимов Павел Андреевич', 18),
(33, 'Мансуров Эдуард Альбертович', 18),
(34, 'Минеев Матвей Степанович', 18),
(35, 'Музафаров Даниил Рушанович', 18),
(36, 'Носкова Анна Семёновна', 18),
(38, 'Пономаренко Ульяна Александровна', 18),
(39, 'Порсин Виталий Максимович', 18),
(40, 'Семериков Никита Валерьевич', 18),
(41, 'Софронов Егор Михайлович', 18),
(42, 'Суглобов Константин Игоревич', 18),
(43, 'Щербаков Андрей Станиславович', 18),
(44, 'Яхина Анэлия Айдаровна', 18),
(45, 'Баязитов Кирилл Александрович', 19),
(46, 'Величинских Сергей Дмитриевич', 19),
(47, 'Воробьев Анатолий Анатольевич', 19),
(48, 'Гайдашев Евгений Петрович', 19),
(49, 'Галимов Максим Валерьевич', 19),
(50, 'Глебова Анастасия Андреевна', 19),
(51, 'Данилов Егор Евгеньевич', 19),
(52, 'Ермаков Михаил Алексеевич', 19),
(53, 'Ильин Семен Александрович', 19),
(54, 'Карташов Ярослав Вячеславович', 19),
(55, 'Катранов Вячеслав Константинович', 19),
(56, 'Коротких Алексей Иванович', 19),
(57, 'Лопатин Матвей Андреевич', 19),
(58, 'Лукшин Александр Павлович', 19),
(59, 'Македон Александр Игоревич', 19),
(60, 'Малыхин Александр Владимирович', 19),
(61, 'Меньщиков Матвей Федорович', 19),
(62, 'Наугольных Тимофей Денисович', 19),
(63, 'Никитин Александр Александрович', 19),
(64, 'Овечкин Кирилл Анатольевич', 19),
(65, 'Пиняев Вячеслав Дмитриевич', 19),
(66, 'Романовский Филипп Владимирович', 19),
(67, 'Савинов Даниил Михайлович', 19),
(68, 'Соловых Ульяна Андреевна', 19),
(69, 'Сыропятов Данил Алексеевич', 19),
(70, 'Тетервак Михаил Сергеевич', 19),
(71, 'Турута Даниил Павлович', 19),
(72, 'Чернавский Глеб Денисович', 19),
(73, 'Ямщиков Иван Максимович', 19),
(74, 'Абрамов Алексей Олегович', 20),
(75, 'Ватажишен Иван Леонидович', 20),
(76, 'Добров Ефим Игоревич', 20),
(77, 'Жданов Владислав Алексеевич', 20),
(78, 'Зайцев Михаил Антонович', 20),
(79, 'Зяблов Георгий Юрьевич', 20),
(80, 'Кисаев Кирилл Эдуардович', 20),
(81, 'Коряков Матвей Андреевич', 20),
(82, 'Крохин Эдуард Викторович', 20),
(83, 'Литвиненко Виктор Сергеевич', 20),
(84, 'Мизонов Михаил Евгеньевич', 20),
(85, 'Полюдов Евгений Сергеевич', 20),
(86, 'Пономарчук Антон Олегович', 20),
(87, 'Путинцева Мария Сергеевна', 20),
(88, 'Романов Александр Александрович', 20),
(89, 'Ротарь Алексей Русланович', 20),
(90, 'Сабаляускас Ричардас Альфредо', 20),
(91, 'Сажин Дмитрий Алексеевич', 20),
(92, 'Стафеев Кирилл Дмитриевич', 20),
(93, 'Тетеревков Кирилл Александрович', 20),
(94, 'Федин Денис Сергеевич', 20),
(95, 'Хусаинов Дмитрий Романович', 20),
(96, 'Чернышев Вадим Александрович', 20),
(97, 'Швецов Семен Валерьевич', 20),
(98, 'Шипулин Иван Владимирович', 20),
(99, 'Эргешова Бурул Кенешовна', 20),
(100, 'Аскарова Владлена Рустамовна', 21),
(101, 'Баранов Дмитрий Алексеевич', 21),
(102, 'Батруков Роман Андреевич', 21),
(103, 'Варданян Алик Альбертович', 21),
(104, 'Галиева Карина Валерьевна', 21),
(105, 'Дорощук Владимир Олегович', 21),
(106, 'Ермакова Елизавета Эдуардовна', 21),
(107, 'Занибаширова Светлана Ильинична', 21),
(108, 'Иванов Егор Максимович', 21),
(109, 'Идрисов Матвей Ильич', 21),
(110, 'Кожевников Данил Борисович', 21),
(111, 'Коробейников Ярослав Владимирович', 21),
(112, 'Мусалямова Дарина Радиковна', 21),
(113, 'Мусалямова Карина Радиковна', 21),
(114, 'Осипов Дмитрий Борисович', 21),
(115, 'Сейдиханов Микаил Шахидович', 21),
(116, 'Сиразов Вадим Ильдарович', 21),
(117, 'Смирнов Дмитрий Андреевич', 21),
(118, 'Уткина Анастасия Игоревна', 21),
(119, 'Цыбин Александр Ильич', 21),
(120, 'Шайдуллина Дарья Сергеевна', 21),
(121, 'Шапуров Станислав Михайлович', 21),
(122, 'Эргешов Рахман Кубатбекович', 21),
(123, 'Юшкевачус Владимир Евгеньевич', 21),
(124, 'Юшкова Анастасия Александровна', 21),
(125, 'Бахтиев Сергей Шарипянович', 22),
(126, 'Белова Софья Вячеславовна', 22),
(127, 'Бирин Глеб Юрьевич', 22),
(128, 'Валов Олег Сергеевич', 22),
(129, 'Валуев Семён Евгеньевич', 22),
(130, 'Вихарев Иван Сергеевич', 22),
(131, 'Галюков Святослав Евгеньевич', 22),
(132, 'Кавендров Артём Владимирович', 22),
(133, 'Калинка Станислав Денисович', 22),
(134, 'Копосов Данил Максимович', 22),
(135, 'Кутергина Анастасия Евгеньевна', 22),
(136, 'Легков Никита Олегович', 22),
(137, 'Логинов Семён Михайлович', 22),
(138, 'Мингажев Эмиль Радикович', 22),
(139, 'Овечкин Максим Романович', 22),
(140, 'Петров Максим Евгеньевич', 22),
(141, 'Пряничникова Ксения Андреевна', 22),
(142, 'Селин Марк Романович', 22),
(143, 'Татаркин Антон Дмитриевич', 22),
(144, 'Филипенко Кристина Витальевна', 22),
(145, 'Фучкин Денис Евгеньевич', 22),
(146, 'Черемухин Алексей Андреевич', 22),
(147, 'Чучалин Глеб Олегович', 22),
(148, 'Шавшуков Евгений Евгеньевич', 22),
(149, 'Чиркова Карина Николаевна', 21);

-- --------------------------------------------------------

--
-- Структура таблицы `tests`
--

CREATE TABLE `tests` (
  `test_id` int NOT NULL,
  `test_name` text CHARACTER SET utf8mb4 COLLATE utf8mb4_unicode_ci NOT NULL,
  `course_id` int NOT NULL
) ENGINE=InnoDB DEFAULT CHARSET=utf8mb4 COLLATE=utf8mb4_unicode_ci;

--
-- Дамп данных таблицы `tests`
--

INSERT INTO `tests` (`test_id`, `test_name`, `course_id`) VALUES
(11, 'Тест 1. Знакомство с HTML и CSS', 10),
(12, 'Тест 2. Селекторы. Знакомство', 10),
(13, 'Тест 3. Наследование и каскадирование', 10),
(14, 'Тест 4. Фоны. Знакомство', 10),
(15, 'Тест 1. Знакомство с HTML и CSS', 13),
(16, 'Тест 2. Селекторы. Знакомство', 13),
(17, 'Тест 3. Наследование и каскадирование', 13),
(18, 'Тест 4. Фоны. Знакомство', 13),
(19, 'Тест 1. Знакомство с HTML и CSS', 11),
(20, 'Тест 2. Селекторы. Знакомство', 11),
(21, 'Тест 3. Наследование и каскадирование', 11),
(22, 'Тест 4. Фоны. Знакомство', 11),
(23, 'Тест 1. Знакомство с HTML и CSS', 12),
(24, 'Тест 2. Селекторы. Знакомство', 12),
(25, 'Тест 3. Наследование и каскадирование', 12),
(26, 'Тест 4. Фоны. Знакомство', 12),
(27, 'Тест 1. Знакомство с HTML и CSS', 14),
(28, 'Тест 2. Селекторы. Знакомство', 14),
(29, 'Тест 3. Наследование и каскадирование', 14),
(30, 'Тест 4. Фоны. Знакомство', 14);

-- --------------------------------------------------------

--
-- Структура таблицы `tests_group`
--

CREATE TABLE `tests_group` (
  `tests_group_id` int NOT NULL,
  `test_id` int NOT NULL,
  `group_id` int NOT NULL
) ENGINE=InnoDB DEFAULT CHARSET=utf8mb4 COLLATE=utf8mb4_unicode_ci;

--
-- Дамп данных таблицы `tests_group`
--

INSERT INTO `tests_group` (`tests_group_id`, `test_id`, `group_id`) VALUES
(14, 11, 18),
(15, 12, 18),
(16, 13, 18),
(17, 14, 18),
(18, 11, 19),
(19, 12, 19),
(22, 13, 19),
(23, 11, 20),
(24, 12, 20),
(25, 13, 20),
(26, 14, 20),
(27, 15, 21),
(28, 16, 21),
(29, 17, 21),
(30, 18, 21),
(31, 15, 22),
(32, 16, 22),
(33, 17, 22),
(34, 18, 22),
(35, 19, 18),
(36, 20, 18),
(37, 21, 18),
(38, 22, 18),
(39, 23, 18),
(40, 24, 18),
(41, 25, 18),
(42, 26, 18),
(43, 19, 19),
(44, 20, 19),
(45, 21, 19),
(46, 22, 19),
(47, 23, 19),
(48, 24, 19),
(49, 25, 19),
(50, 26, 19),
(51, 14, 19),
(52, 19, 20),
(53, 20, 20),
(54, 21, 20),
(55, 22, 20),
(56, 23, 20),
(57, 24, 20),
(58, 25, 20),
(59, 26, 20),
(60, 27, 22),
(61, 28, 22),
(62, 29, 22),
(63, 30, 22),
(64, 27, 21),
(65, 28, 21),
(66, 29, 21),
(67, 30, 21);

-- --------------------------------------------------------

--
-- Структура таблицы `tests_group_student`
--

CREATE TABLE `tests_group_student` (
  `tests_group_student_id` int NOT NULL,
  `tests_group_id` int NOT NULL,
  `student_id` int NOT NULL,
  `student_grade` int NOT NULL
) ENGINE=InnoDB DEFAULT CHARSET=utf8mb4 COLLATE=utf8mb4_unicode_ci;

--
-- Дамп данных таблицы `tests_group_student`
--

INSERT INTO `tests_group_student` (`tests_group_student_id`, `tests_group_id`, `student_id`, `student_grade`) VALUES
(25, 14, 20, 1),
(26, 15, 20, 1),
(27, 16, 20, 1),
(28, 17, 20, 1),
(29, 14, 21, 1),
(30, 15, 21, 1),
(31, 14, 22, 1),
(32, 15, 22, 1),
(33, 16, 22, 1),
(34, 17, 22, 1),
(35, 14, 23, 1),
(36, 17, 23, 1),
(37, 14, 24, 1),
(38, 15, 24, 1),
(39, 16, 24, 1),
(40, 17, 24, 1),
(41, 14, 25, 1),
(42, 14, 26, 1),
(43, 15, 26, 1),
(44, 16, 26, 1),
(45, 17, 26, 1),
(46, 14, 27, 1),
(47, 14, 28, 1),
(48, 15, 28, 1),
(49, 16, 28, 1),
(50, 17, 28, 1),
(51, 14, 29, 1),
(52, 15, 29, 1),
(53, 17, 29, 1),
(54, 14, 30, 1),
(55, 15, 30, 1),
(56, 16, 30, 1),
(57, 17, 30, 1),
(58, 14, 31, 1),
(59, 15, 31, 1),
(60, 16, 31, 1),
(61, 17, 31, 1),
(62, 14, 32, 1),
(63, 14, 33, 1),
(64, 15, 33, 1),
(65, 16, 33, 1),
(66, 17, 33, 1),
(67, 14, 34, 1),
(68, 15, 34, 1),
(69, 16, 34, 1),
(70, 17, 34, 1),
(71, 14, 35, 1),
(72, 15, 35, 1),
(73, 16, 35, 1),
(74, 17, 35, 1),
(75, 14, 36, 1),
(76, 14, 38, 1),
(77, 14, 40, 1),
(78, 15, 40, 1),
(79, 16, 40, 1),
(80, 17, 40, 1),
(81, 14, 41, 1),
(82, 15, 41, 1),
(83, 14, 42, 1),
(84, 15, 42, 1),
(85, 14, 43, 1),
(86, 15, 43, 1),
(87, 16, 43, 1),
(88, 14, 44, 1),
(89, 15, 44, 1),
(90, 16, 44, 1),
(91, 17, 44, 1),
(92, 18, 45, 1),
(93, 19, 45, 1),
(96, 18, 48, 1),
(97, 18, 49, 1),
(98, 18, 50, 1),
(99, 19, 50, 1),
(100, 18, 51, 1),
(101, 19, 51, 1),
(102, 22, 51, 1),
(104, 18, 52, 1),
(105, 19, 52, 1),
(106, 22, 52, 1),
(108, 18, 53, 1),
(109, 18, 55, 1),
(110, 19, 55, 1),
(111, 18, 56, 1),
(112, 18, 58, 1),
(113, 18, 59, 1),
(114, 19, 59, 1),
(115, 18, 60, 1),
(116, 18, 61, 1),
(117, 19, 61, 1),
(118, 22, 61, 1),
(120, 18, 63, 1),
(121, 19, 63, 1),
(122, 22, 63, 1),
(124, 18, 64, 1),
(125, 19, 64, 1),
(126, 18, 65, 1),
(127, 19, 65, 1),
(128, 18, 66, 1),
(129, 18, 67, 1),
(130, 19, 67, 1),
(131, 18, 68, 1),
(132, 19, 68, 1),
(133, 18, 69, 1),
(134, 19, 69, 1),
(135, 22, 69, 1),
(136, 18, 70, 1),
(137, 19, 70, 1),
(138, 22, 70, 1),
(139, 18, 72, 1),
(140, 19, 72, 1),
(141, 22, 72, 1),
(143, 23, 74, 1),
(144, 24, 74, 1),
(145, 25, 74, 1),
(146, 26, 74, 1),
(147, 23, 75, 1),
(148, 24, 75, 1),
(149, 25, 75, 1),
(150, 26, 75, 1),
(151, 23, 76, 1),
(152, 24, 76, 1),
(153, 23, 77, 1),
(154, 25, 77, 1),
(155, 23, 78, 1),
(156, 24, 78, 1),
(157, 25, 78, 1),
(158, 23, 79, 1),
(159, 25, 79, 1),
(160, 23, 80, 1),
(161, 24, 80, 1),
(162, 25, 80, 1),
(163, 26, 80, 1),
(164, 23, 81, 1),
(165, 24, 81, 1),
(166, 25, 81, 1),
(167, 26, 81, 1),
(168, 23, 82, 1),
(169, 24, 82, 1),
(170, 25, 82, 1),
(171, 23, 83, 1),
(172, 24, 83, 1),
(173, 25, 83, 1),
(174, 26, 83, 1),
(175, 23, 84, 1),
(176, 24, 84, 1),
(177, 25, 84, 1),
(178, 26, 84, 1),
(179, 23, 85, 1),
(180, 24, 85, 1),
(181, 25, 85, 1),
(182, 23, 88, 1),
(183, 24, 88, 1),
(184, 25, 88, 1),
(185, 26, 88, 1),
(186, 23, 89, 1),
(187, 24, 89, 1),
(188, 25, 89, 1),
(189, 26, 89, 1),
(190, 23, 90, 1),
(191, 25, 90, 1),
(192, 26, 90, 1),
(193, 24, 90, 1),
(194, 23, 91, 1),
(195, 24, 91, 1),
(196, 25, 91, 1),
(197, 26, 91, 1),
(198, 23, 92, 1),
(199, 24, 92, 1),
(200, 25, 92, 1),
(201, 26, 92, 1),
(202, 23, 93, 1),
(203, 24, 93, 1),
(204, 25, 93, 1),
(205, 26, 93, 1),
(206, 23, 94, 1),
(207, 24, 94, 1),
(208, 25, 94, 1),
(209, 23, 95, 1),
(210, 24, 95, 1),
(211, 25, 95, 1),
(212, 26, 95, 1),
(213, 23, 97, 1),
(214, 24, 97, 1),
(215, 25, 97, 1),
(216, 26, 97, 1),
(217, 23, 98, 1),
(218, 24, 98, 1),
(219, 25, 98, 1),
(220, 26, 98, 1),
(221, 23, 99, 1),
(222, 27, 101, 1),
(223, 28, 101, 1),
(224, 27, 102, 1),
(225, 27, 104, 1),
(226, 28, 104, 1),
(227, 27, 105, 0),
(228, 28, 105, 0),
(229, 27, 107, 1),
(230, 28, 108, 1),
(231, 27, 109, 1),
(232, 27, 110, 1),
(233, 28, 110, 1),
(234, 27, 111, 1),
(235, 27, 115, 1),
(236, 27, 116, 1),
(237, 27, 118, 1),
(238, 27, 119, 1),
(239, 27, 121, 1),
(240, 28, 121, 1),
(241, 27, 123, 1),
(242, 28, 123, 1),
(243, 31, 126, 1),
(244, 15, 23, 1),
(245, 16, 23, 1),
(246, 17, 32, 1),
(247, 15, 32, 1),
(248, 16, 32, 1),
(249, 15, 38, 1),
(250, 16, 38, 1),
(251, 17, 38, 1),
(252, 16, 41, 1),
(253, 17, 41, 1),
(254, 35, 20, 1),
(255, 36, 20, 1),
(256, 37, 20, 1),
(257, 38, 20, 1),
(258, 35, 21, 1),
(259, 36, 21, 1),
(260, 35, 22, 1),
(261, 36, 22, 1),
(262, 37, 22, 1),
(263, 38, 22, 1),
(264, 35, 23, 1),
(265, 36, 23, 1),
(266, 37, 23, 1),
(267, 38, 23, 1),
(268, 35, 24, 1),
(269, 36, 24, 1),
(270, 37, 24, 1),
(271, 38, 24, 1),
(272, 35, 25, 1),
(273, 35, 26, 1),
(274, 36, 26, 1),
(275, 37, 26, 1),
(276, 38, 26, 1),
(277, 35, 27, 1),
(278, 35, 28, 1),
(279, 36, 28, 1),
(280, 37, 28, 1),
(281, 38, 28, 1),
(282, 35, 29, 1),
(283, 36, 29, 1),
(284, 38, 29, 1),
(285, 35, 30, 1),
(286, 36, 30, 1),
(287, 37, 30, 1),
(288, 38, 30, 1),
(289, 35, 31, 1),
(290, 36, 31, 1),
(291, 37, 31, 1),
(292, 38, 31, 1),
(293, 35, 32, 1),
(294, 36, 32, 1),
(295, 37, 32, 1),
(296, 38, 32, 1),
(297, 36, 33, 1),
(298, 37, 33, 1),
(299, 35, 33, 1),
(300, 38, 33, 1),
(301, 35, 34, 1),
(302, 36, 34, 1),
(303, 37, 34, 1),
(304, 38, 34, 1),
(305, 35, 35, 1),
(306, 36, 35, 1),
(307, 37, 35, 1),
(308, 38, 35, 1),
(309, 35, 36, 1),
(310, 35, 38, 1),
(311, 36, 38, 1),
(312, 37, 38, 1),
(313, 38, 38, 1),
(314, 35, 40, 1),
(315, 36, 40, 1),
(316, 37, 40, 1),
(317, 38, 40, 1),
(318, 35, 41, 1),
(319, 36, 41, 1),
(320, 37, 41, 1),
(321, 38, 41, 1),
(322, 35, 42, 1),
(323, 36, 42, 1),
(324, 35, 43, 1),
(325, 36, 43, 1),
(326, 37, 43, 1),
(327, 35, 44, 1),
(328, 36, 44, 1),
(329, 37, 44, 1),
(330, 38, 44, 1),
(331, 39, 20, 1),
(332, 40, 20, 1),
(333, 41, 20, 1),
(334, 42, 20, 1),
(335, 39, 21, 1),
(336, 40, 21, 1),
(337, 41, 21, 1),
(338, 42, 21, 1),
(339, 42, 21, 0),
(340, 41, 21, 0),
(341, 39, 22, 1),
(342, 40, 22, 1),
(343, 41, 22, 1),
(344, 42, 22, 1),
(345, 39, 23, 1),
(346, 40, 23, 1),
(347, 41, 23, 1),
(348, 42, 23, 1),
(349, 39, 24, 1),
(350, 40, 24, 1),
(351, 41, 24, 1),
(352, 42, 24, 1),
(353, 39, 25, 1),
(354, 39, 26, 1),
(355, 40, 26, 1),
(356, 41, 26, 1),
(357, 42, 26, 1),
(358, 39, 27, 1),
(359, 39, 28, 1),
(360, 40, 28, 1),
(361, 41, 28, 1),
(362, 42, 28, 1),
(363, 39, 29, 1),
(364, 40, 29, 1),
(365, 42, 29, 1),
(366, 39, 30, 1),
(367, 40, 30, 1),
(368, 41, 30, 1),
(369, 42, 30, 1),
(370, 39, 31, 1),
(371, 40, 31, 1),
(372, 41, 31, 1),
(373, 42, 31, 1),
(374, 39, 32, 1),
(375, 40, 32, 1),
(376, 41, 32, 1),
(377, 42, 32, 1),
(378, 39, 33, 1),
(379, 40, 33, 1),
(380, 41, 33, 1),
(381, 42, 33, 1),
(382, 39, 34, 1),
(383, 40, 34, 1),
(384, 41, 34, 1),
(385, 42, 34, 1),
(386, 39, 35, 1),
(387, 40, 35, 1),
(388, 41, 35, 1),
(389, 42, 35, 1),
(390, 39, 36, 1),
(391, 39, 38, 1),
(392, 40, 38, 1),
(393, 41, 38, 1),
(394, 42, 38, 1),
(395, 39, 40, 1),
(396, 40, 40, 1),
(397, 41, 40, 1),
(398, 42, 40, 1),
(399, 39, 41, 1),
(400, 40, 41, 1),
(401, 41, 41, 1),
(402, 42, 41, 1),
(403, 39, 42, 1),
(404, 40, 42, 1),
(405, 39, 43, 1),
(406, 40, 43, 1),
(407, 41, 43, 1),
(408, 39, 44, 1),
(409, 40, 44, 1),
(410, 41, 44, 1),
(411, 42, 44, 1),
(412, 22, 50, 1),
(414, 22, 55, 1),
(415, 19, 58, 1),
(416, 22, 58, 1),
(418, 22, 59, 1),
(420, 22, 64, 1),
(423, 22, 65, 1),
(425, 22, 67, 1),
(427, 22, 68, 1),
(428, 18, 73, 1),
(429, 19, 73, 1),
(430, 22, 73, 1),
(432, 43, 45, 1),
(433, 44, 45, 1),
(434, 43, 48, 1),
(435, 43, 49, 1),
(436, 43, 50, 1),
(437, 44, 50, 1),
(438, 45, 50, 1),
(439, 46, 50, 1),
(440, 43, 51, 1),
(441, 44, 51, 1),
(442, 45, 51, 1),
(443, 46, 51, 1),
(444, 43, 52, 1),
(445, 44, 52, 1),
(446, 45, 52, 1),
(447, 46, 52, 1),
(448, 43, 53, 1),
(449, 43, 55, 1),
(450, 44, 55, 1),
(451, 45, 55, 1),
(452, 43, 56, 1),
(453, 44, 58, 1),
(454, 46, 58, 1),
(455, 43, 58, 1),
(456, 45, 58, 1),
(457, 43, 59, 1),
(458, 44, 59, 1),
(459, 45, 59, 1),
(460, 46, 59, 1),
(461, 43, 60, 1),
(462, 43, 61, 1),
(463, 44, 61, 1),
(464, 45, 61, 1),
(465, 46, 61, 1),
(466, 43, 63, 1),
(467, 44, 63, 1),
(468, 45, 63, 1),
(469, 46, 63, 1),
(470, 43, 64, 1),
(471, 44, 64, 1),
(472, 45, 64, 1),
(473, 43, 65, 1),
(474, 44, 65, 1),
(475, 45, 65, 1),
(476, 46, 65, 1),
(477, 43, 66, 1),
(478, 43, 67, 1),
(479, 44, 67, 1),
(480, 45, 67, 1),
(481, 46, 67, 1),
(482, 43, 68, 1),
(483, 44, 68, 1),
(484, 45, 68, 1),
(485, 43, 69, 1),
(486, 44, 69, 1),
(487, 45, 69, 1),
(488, 43, 70, 1),
(489, 44, 70, 1),
(490, 45, 70, 1),
(491, 43, 72, 1),
(492, 44, 72, 1),
(493, 45, 72, 1),
(494, 46, 72, 1),
(495, 43, 73, 1),
(496, 44, 73, 1),
(497, 45, 73, 1),
(498, 46, 73, 1),
(499, 47, 45, 1),
(500, 48, 45, 1),
(501, 47, 48, 1),
(502, 47, 49, 1),
(503, 47, 50, 1),
(504, 48, 50, 1),
(505, 49, 50, 1),
(506, 50, 50, 1),
(507, 47, 51, 1),
(508, 48, 51, 1),
(509, 49, 51, 1),
(510, 50, 51, 1),
(511, 47, 52, 1),
(512, 48, 52, 1),
(513, 49, 52, 1),
(514, 50, 52, 1),
(515, 47, 53, 1),
(516, 47, 55, 1),
(517, 48, 55, 1),
(518, 49, 55, 1),
(519, 50, 55, 1),
(520, 50, 55, 0),
(521, 47, 56, 1),
(522, 47, 58, 1),
(523, 48, 58, 1),
(524, 49, 58, 1),
(525, 50, 58, 1),
(526, 47, 59, 1),
(527, 48, 59, 1),
(528, 49, 59, 1),
(529, 50, 59, 1),
(530, 47, 60, 1),
(531, 47, 61, 1),
(532, 48, 61, 1),
(533, 49, 61, 1),
(534, 50, 61, 1),
(535, 47, 63, 1),
(536, 48, 63, 1),
(537, 49, 63, 1),
(538, 50, 63, 1),
(539, 47, 64, 1),
(540, 48, 64, 1),
(541, 49, 64, 1),
(542, 47, 65, 1),
(543, 48, 65, 1),
(544, 49, 65, 1),
(545, 50, 65, 1),
(546, 47, 66, 1),
(547, 47, 67, 1),
(548, 48, 67, 1),
(549, 49, 67, 1),
(550, 50, 67, 1),
(551, 47, 68, 1),
(552, 48, 68, 1),
(553, 49, 68, 1),
(554, 47, 69, 1),
(555, 48, 69, 1),
(556, 49, 69, 1),
(557, 47, 70, 1),
(558, 48, 70, 1),
(559, 49, 70, 1),
(560, 47, 72, 1),
(561, 48, 72, 1),
(562, 49, 72, 1),
(563, 50, 72, 1),
(564, 47, 73, 1),
(565, 48, 73, 1),
(566, 49, 73, 1),
(567, 50, 73, 1),
(568, 51, 50, 1),
(569, 51, 51, 1),
(570, 51, 52, 1),
(571, 51, 58, 1),
(572, 51, 59, 1),
(573, 51, 61, 1),
(574, 51, 63, 1),
(575, 51, 65, 1),
(576, 51, 67, 1),
(577, 51, 72, 1),
(578, 51, 73, 1),
(579, 24, 79, 1),
(580, 23, 96, 1),
(581, 24, 96, 1),
(582, 25, 96, 1),
(583, 26, 96, 1),
(584, 52, 74, 1),
(585, 53, 74, 1),
(586, 54, 74, 1),
(587, 55, 74, 1),
(588, 52, 75, 1),
(589, 53, 75, 1),
(590, 54, 75, 1),
(591, 55, 75, 1),
(592, 52, 76, 1),
(593, 53, 76, 1),
(594, 52, 77, 1),
(595, 54, 77, 1),
(596, 52, 78, 1),
(597, 53, 78, 1),
(598, 54, 78, 1),
(599, 52, 79, 1),
(600, 53, 79, 1),
(601, 54, 79, 1),
(602, 52, 80, 1),
(603, 53, 80, 1),
(604, 54, 80, 1),
(605, 55, 80, 1),
(606, 52, 81, 1),
(607, 53, 81, 1),
(608, 54, 81, 1),
(609, 55, 81, 1),
(610, 52, 82, 1),
(611, 53, 82, 1),
(612, 54, 82, 1),
(613, 52, 83, 1),
(614, 53, 83, 1),
(615, 54, 83, 1),
(616, 55, 83, 1),
(617, 52, 84, 1),
(618, 53, 84, 1),
(619, 54, 84, 1),
(620, 55, 84, 1),
(621, 52, 85, 1),
(622, 53, 85, 1),
(623, 54, 85, 1),
(624, 52, 88, 1),
(625, 53, 88, 1),
(626, 54, 88, 1),
(627, 55, 88, 1),
(628, 52, 89, 1),
(629, 53, 89, 1),
(630, 54, 89, 1),
(631, 55, 89, 1),
(632, 52, 90, 1),
(633, 53, 90, 1),
(634, 54, 90, 1),
(635, 55, 90, 1),
(636, 52, 91, 1),
(637, 53, 91, 1),
(638, 54, 91, 1),
(639, 55, 91, 1),
(640, 52, 92, 1),
(641, 53, 92, 1),
(642, 54, 92, 1),
(643, 55, 92, 1),
(644, 52, 93, 1),
(645, 53, 93, 1),
(646, 54, 93, 1),
(647, 55, 93, 1),
(648, 52, 94, 1),
(649, 53, 94, 1),
(650, 54, 94, 1),
(651, 52, 95, 1),
(652, 53, 95, 1),
(653, 54, 95, 1),
(654, 55, 95, 1),
(655, 52, 96, 1),
(656, 53, 96, 1),
(657, 54, 96, 1),
(658, 55, 96, 1),
(659, 52, 97, 1),
(660, 53, 97, 1),
(661, 54, 97, 1),
(662, 55, 97, 1),
(663, 52, 98, 1),
(664, 53, 98, 1),
(665, 54, 98, 1),
(666, 55, 98, 1),
(667, 52, 99, 1),
(668, 56, 74, 1),
(669, 57, 74, 1),
(670, 58, 74, 1),
(671, 59, 74, 1),
(672, 56, 75, 1),
(673, 57, 75, 1),
(674, 58, 75, 1),
(675, 59, 75, 1),
(676, 56, 76, 1),
(677, 57, 76, 1),
(678, 56, 77, 1),
(679, 58, 77, 1),
(680, 56, 78, 1),
(681, 57, 78, 1),
(682, 58, 78, 1),
(683, 56, 79, 1),
(684, 57, 79, 1),
(685, 58, 79, 1),
(686, 56, 80, 1),
(687, 57, 80, 1),
(688, 58, 80, 1),
(689, 59, 80, 1),
(690, 56, 81, 1),
(691, 57, 81, 1),
(692, 58, 81, 1),
(693, 59, 81, 1),
(694, 56, 82, 1),
(695, 57, 82, 1),
(696, 58, 82, 1),
(697, 56, 83, 1),
(698, 57, 83, 1),
(699, 58, 83, 1),
(700, 59, 83, 1),
(701, 56, 84, 1),
(702, 57, 84, 1),
(703, 58, 84, 1),
(704, 59, 84, 1),
(705, 56, 85, 1),
(706, 57, 85, 1),
(707, 58, 85, 1),
(708, 56, 88, 1),
(709, 57, 88, 1),
(710, 58, 88, 1),
(711, 59, 88, 1),
(712, 56, 89, 1),
(713, 57, 89, 1),
(714, 58, 89, 1),
(715, 59, 89, 1),
(716, 56, 90, 1),
(717, 57, 90, 1),
(718, 58, 90, 1),
(719, 59, 90, 1),
(720, 56, 91, 1),
(721, 57, 91, 1),
(722, 58, 91, 1),
(723, 59, 91, 1),
(724, 56, 92, 1),
(725, 57, 92, 1),
(726, 58, 92, 1),
(727, 59, 92, 1),
(728, 56, 93, 1),
(729, 57, 93, 1),
(730, 58, 93, 1),
(731, 59, 93, 1),
(732, 56, 94, 1),
(733, 57, 94, 1),
(734, 58, 94, 1),
(735, 56, 95, 1),
(736, 57, 95, 1),
(737, 58, 95, 1),
(738, 59, 95, 1),
(739, 56, 96, 1),
(740, 57, 96, 1),
(741, 58, 96, 1),
(742, 59, 96, 1),
(743, 56, 97, 1),
(744, 57, 97, 1),
(745, 58, 97, 1),
(746, 59, 97, 1),
(747, 56, 98, 1),
(748, 57, 98, 1),
(749, 58, 98, 1),
(750, 59, 98, 1),
(751, 56, 99, 1),
(752, 32, 126, 1),
(753, 33, 126, 1),
(754, 34, 126, 1),
(755, 31, 127, 1),
(756, 31, 128, 1),
(757, 31, 129, 1),
(758, 31, 131, 1),
(759, 32, 131, 1),
(760, 31, 132, 1),
(761, 32, 132, 1),
(762, 31, 133, 1),
(763, 32, 133, 1),
(764, 31, 135, 1),
(765, 32, 135, 1),
(766, 31, 137, 1),
(767, 31, 141, 1),
(768, 31, 142, 1),
(769, 32, 142, 1),
(770, 33, 142, 1),
(771, 34, 142, 1),
(772, 31, 143, 1),
(773, 31, 144, 1),
(774, 32, 144, 1),
(775, 33, 144, 1),
(776, 34, 144, 1),
(777, 31, 146, 1),
(778, 31, 147, 1),
(779, 31, 148, 1),
(780, 60, 126, 1),
(781, 61, 126, 1),
(782, 62, 126, 1),
(783, 63, 126, 1),
(784, 60, 127, 1),
(785, 60, 128, 1),
(786, 60, 129, 1),
(787, 60, 131, 1),
(788, 61, 131, 1),
(789, 60, 132, 1),
(790, 61, 132, 1),
(791, 60, 133, 1),
(792, 61, 133, 1),
(793, 60, 135, 1),
(794, 61, 135, 1),
(795, 60, 137, 1),
(796, 60, 141, 1),
(797, 60, 142, 1),
(798, 61, 142, 1),
(799, 62, 142, 1),
(800, 63, 142, 1),
(801, 60, 143, 1),
(802, 60, 144, 1),
(803, 61, 144, 1),
(804, 62, 144, 1),
(805, 63, 144, 1),
(806, 60, 146, 1),
(807, 60, 147, 1),
(808, 60, 148, 1),
(809, 27, 100, 1),
(810, 28, 100, 1),
(811, 29, 100, 1),
(812, 30, 100, 1),
(813, 28, 102, 1),
(814, 27, 103, 1),
(815, 29, 104, 1),
(816, 30, 104, 1),
(817, 27, 106, 1),
(818, 28, 106, 1),
(819, 27, 108, 1),
(820, 29, 108, 1),
(821, 29, 110, 1),
(822, 30, 110, 1),
(823, 28, 115, 1),
(824, 27, 122, 1),
(825, 27, 124, 1),
(826, 64, 100, 1),
(827, 65, 100, 1),
(828, 66, 100, 1),
(829, 67, 100, 1),
(830, 64, 101, 1),
(831, 65, 101, 1),
(832, 64, 102, 1),
(833, 65, 102, 1),
(834, 64, 103, 1),
(835, 64, 104, 1),
(836, 65, 104, 1),
(837, 66, 104, 1),
(838, 67, 104, 1),
(839, 64, 105, 1),
(840, 65, 105, 1),
(841, 64, 106, 1),
(842, 65, 106, 1),
(843, 64, 107, 1),
(844, 64, 108, 1),
(845, 65, 108, 1),
(846, 66, 108, 1),
(847, 64, 109, 1),
(848, 64, 110, 1),
(849, 65, 110, 1),
(850, 66, 110, 1),
(851, 67, 110, 1),
(852, 64, 111, 1),
(853, 64, 115, 1),
(854, 65, 115, 1),
(855, 64, 116, 1),
(856, 64, 118, 1),
(857, 64, 119, 1),
(858, 64, 121, 1),
(859, 65, 121, 1),
(860, 64, 122, 1),
(861, 64, 123, 1),
(862, 65, 123, 1),
(863, 64, 124, 1),
(864, 32, 127, 1),
(865, 33, 127, 1),
(866, 34, 127, 1),
(867, 33, 131, 1),
(868, 31, 134, 1),
(869, 31, 136, 1),
(870, 32, 141, 1),
(871, 33, 141, 1),
(872, 34, 141, 1),
(873, 32, 143, 1),
(874, 33, 143, 1),
(875, 34, 143, 1),
(876, 32, 148, 1),
(877, 61, 127, 1),
(878, 62, 127, 1),
(879, 63, 127, 1),
(880, 62, 131, 1),
(881, 60, 134, 1),
(882, 60, 136, 1),
(883, 61, 141, 1),
(884, 62, 141, 1),
(885, 63, 141, 1),
(886, 61, 143, 1),
(887, 62, 143, 1),
(888, 63, 143, 1),
(889, 61, 148, 1),
(890, 29, 106, 1),
(891, 30, 106, 1),
(892, 28, 107, 1),
(893, 29, 107, 1),
(894, 30, 107, 1),
(895, 30, 108, 1),
(896, 29, 109, 1),
(897, 30, 109, 1),
(898, 28, 111, 1),
(899, 28, 116, 1),
(900, 28, 119, 1),
(901, 27, 120, 1),
(902, 29, 121, 1),
(903, 30, 121, 1),
(904, 28, 124, 1),
(905, 66, 106, 1),
(906, 67, 106, 1),
(907, 65, 107, 1),
(908, 66, 107, 1),
(909, 67, 107, 1),
(910, 67, 108, 1),
(911, 66, 109, 1),
(912, 67, 109, 1),
(913, 65, 111, 1),
(914, 65, 116, 1),
(915, 65, 119, 1),
(916, 64, 120, 1),
(917, 66, 121, 1),
(918, 67, 121, 1),
(919, 65, 124, 1),
(920, 26, 94, 1),
(921, 17, 43, 1),
(922, 38, 43, 1),
(923, 42, 43, 1),
(924, 51, 64, 1),
(925, 46, 64, 1),
(926, 50, 64, 1),
(927, 51, 68, 1),
(928, 46, 68, 1),
(929, 50, 68, 1),
(930, 51, 69, 1),
(931, 46, 69, 1),
(932, 50, 69, 1),
(933, 29, 102, 1),
(934, 30, 102, 1),
(935, 66, 102, 1),
(936, 67, 102, 1),
(937, 28, 118, 1),
(938, 29, 118, 1),
(939, 30, 118, 1),
(940, 65, 118, 1),
(941, 66, 118, 1),
(942, 67, 118, 1),
(943, 32, 146, 1),
(944, 33, 146, 1),
(945, 33, 148, 1),
(946, 34, 148, 1),
(947, 61, 146, 1),
(948, 62, 146, 1),
(949, 62, 148, 1),
(950, 63, 148, 1),
(951, 16, 21, 1),
(952, 17, 21, 1),
(953, 16, 42, 1),
(954, 17, 42, 1),
(955, 37, 21, 1),
(956, 38, 21, 1),
(957, 37, 42, 1),
(958, 38, 42, 1),
(959, 41, 42, 1),
(960, 42, 42, 1),
(961, 24, 77, 1),
(962, 26, 77, 1),
(963, 26, 78, 1),
(964, 53, 77, 1),
(965, 55, 77, 1),
(966, 55, 78, 1),
(967, 57, 77, 1),
(968, 59, 77, 1),
(969, 59, 78, 1),
(970, 32, 134, 1),
(971, 33, 134, 1),
(972, 34, 134, 1),
(973, 61, 134, 1),
(974, 62, 134, 1),
(975, 63, 134, 1),
(976, 19, 49, 1),
(977, 22, 49, 1),
(978, 51, 49, 1),
(979, 44, 49, 1),
(980, 45, 49, 1),
(981, 46, 49, 1),
(982, 48, 49, 1),
(983, 49, 49, 1),
(984, 50, 49, 1),
(985, 48, 56, 1),
(986, 49, 56, 1),
(987, 50, 56, 1),
(988, 44, 56, 1),
(989, 45, 56, 1),
(990, 46, 56, 1),
(991, 19, 56, 1),
(992, 22, 56, 1),
(993, 51, 56, 1),
(994, 51, 56, 0),
(995, 22, 56, 0),
(996, 19, 60, 1),
(997, 22, 60, 1),
(998, 44, 60, 1),
(999, 45, 60, 1),
(1000, 48, 60, 1),
(1001, 49, 60, 1),
(1002, 32, 129, 1),
(1003, 61, 129, 1),
(1004, 27, 149, 1),
(1005, 28, 149, 1),
(1006, 29, 149, 1),
(1007, 30, 149, 1),
(1008, 64, 149, 1),
(1009, 65, 149, 1),
(1010, 66, 149, 1),
(1011, 67, 149, 1);

-- --------------------------------------------------------

--
-- Структура таблицы `users`
--

CREATE TABLE `users` (
  `user_id` int NOT NULL,
  `role` varchar(50) NOT NULL,
  `login` varchar(50) NOT NULL,
  `password` varchar(50) NOT NULL
) ENGINE=InnoDB DEFAULT CHARSET=utf8mb4 COLLATE=utf8mb4_0900_ai_ci;

--
-- Дамп данных таблицы `users`
--

INSERT INTO `users` (`user_id`, `role`, `login`, `password`) VALUES
(1, 'Admin', 'Leha2776', 'Leha2776parfenov');

-- --------------------------------------------------------

--
-- Структура таблицы `visits`
--

CREATE TABLE `visits` (
  `visit_id` int NOT NULL,
  `visit_name` date NOT NULL,
  `course_id` int NOT NULL,
  `group_id` int NOT NULL
) ENGINE=InnoDB DEFAULT CHARSET=utf8mb4 COLLATE=utf8mb4_0900_ai_ci;

--
-- Дамп данных таблицы `visits`
--

INSERT INTO `visits` (`visit_id`, `visit_name`, `course_id`, `group_id`) VALUES
(6, '2025-09-16', 10, 18),
(7, '2025-09-23', 10, 18),
(8, '2025-09-27', 10, 18),
(9, '2025-10-01', 10, 18),
(10, '2025-10-02', 10, 18),
(11, '2025-10-07', 10, 18),
(12, '2025-10-07', 10, 18),
(13, '2025-10-15', 10, 18),
(14, '2025-09-17', 10, 19),
(15, '2025-09-18', 10, 19),
(16, '2025-09-24', 10, 19),
(17, '2025-09-25', 10, 19),
(18, '2025-10-01', 10, 19),
(19, '2025-10-08', 10, 19),
(20, '2025-10-09', 10, 19),
(21, '2025-10-15', 10, 19),
(22, '2025-09-16', 10, 20),
(23, '2025-09-16', 10, 20),
(24, '2025-09-23', 10, 20),
(25, '2025-09-23', 10, 20),
(26, '2025-10-02', 10, 20),
(27, '2025-10-07', 10, 20),
(28, '2025-10-09', 10, 20),
(29, '2025-10-16', 10, 20),
(30, '2025-09-19', 13, 21),
(31, '2025-09-26', 13, 21),
(32, '2025-10-02', 13, 21),
(33, '2025-10-03', 13, 21),
(34, '2025-10-11', 13, 21),
(35, '2025-09-18', 13, 22),
(36, '2025-09-22', 13, 22),
(37, '2025-09-24', 13, 22),
(38, '2025-10-03', 13, 22),
(39, '2025-10-06', 13, 22),
(40, '2025-10-10', 13, 22),
(41, '2025-10-10', 13, 22),
(42, '2025-09-19', 12, 18),
(43, '2025-09-22', 12, 18),
(44, '2025-09-26', 12, 18),
(45, '2025-09-29', 12, 18),
(46, '2025-10-06', 12, 18),
(47, '2025-10-10', 12, 18),
(48, '2025-10-13', 12, 18),
(49, '2025-10-20', 12, 18),
(50, '2025-09-16', 11, 18),
(51, '2025-09-18', 11, 18),
(52, '2025-09-23', 11, 18),
(53, '2025-09-25', 11, 18),
(54, '2025-09-29', 11, 18),
(55, '2025-10-09', 11, 18),
(56, '2025-10-10', 11, 18),
(57, '2025-10-17', 11, 18),
(58, '2025-10-23', 11, 18),
(59, '2025-10-24', 11, 18),
(60, '2025-09-30', 11, 19),
(61, '2025-10-01', 11, 19),
(62, '2025-10-06', 11, 19),
(63, '2025-10-13', 11, 19),
(64, '2025-10-15', 11, 19),
(65, '2025-10-20', 11, 19),
(66, '2025-10-27', 11, 19),
(67, '2025-09-19', 12, 19),
(68, '2025-09-19', 12, 19),
(69, '2025-09-26', 12, 19),
(70, '2025-09-29', 12, 19),
(72, '2025-10-10', 12, 19),
(73, '2025-10-17', 12, 19),
(75, '2025-10-24', 12, 19),
(76, '2025-09-30', 12, 19),
(77, '2025-10-18', 12, 19),
(78, '2025-10-24', 10, 20),
(79, '2025-10-24', 10, 20),
(80, '2025-10-27', 10, 20),
(81, '2025-09-23', 14, 22),
(82, '2025-09-25', 14, 22),
(83, '2025-09-30', 14, 22),
(84, '2025-10-06', 14, 22),
(85, '2025-10-09', 14, 22),
(86, '2025-10-13', 14, 22),
(87, '2025-10-20', 14, 22),
(89, '2025-10-27', 14, 22),
(90, '2025-10-23', 14, 22),
(91, '2025-10-17', 13, 22),
(92, '2025-10-20', 13, 22),
(93, '2025-10-22', 13, 22),
(94, '2025-10-13', 13, 21),
(95, '2025-10-13', 13, 21),
(96, '2025-10-25', 13, 21),
(97, '2025-10-29', 13, 21),
(98, '2025-09-20', 14, 21),
(99, '2025-09-20', 14, 21),
(100, '2025-09-24', 14, 21),
(101, '2025-09-27', 14, 21),
(102, '2025-10-04', 14, 21),
(103, '2025-10-10', 14, 21),
(104, '2025-10-11', 14, 21),
(105, '2025-10-18', 14, 21),
(106, '2025-10-22', 14, 21),
(107, '2025-10-25', 14, 21),
(108, '2025-09-17', 11, 20),
(109, '2025-09-24', 11, 20),
(110, '2025-09-29', 11, 20),
(111, '2025-10-03', 11, 20),
(112, '2025-10-08', 11, 20),
(113, '2025-10-13', 11, 20),
(114, '2025-10-17', 11, 20),
(115, '2025-10-20', 11, 20),
(116, '2025-10-22', 11, 20),
(117, '2025-10-27', 11, 20),
(118, '2025-09-18', 12, 20),
(119, '2025-09-22', 12, 20),
(120, '2025-09-25', 12, 20),
(121, '2025-10-02', 12, 20),
(122, '2025-10-06', 12, 20),
(123, '2025-10-09', 12, 20),
(124, '2025-10-16', 12, 20),
(125, '2025-10-20', 12, 20),
(126, '2025-10-31', 13, 21),
(127, '2025-11-08', 13, 21),
(128, '2025-11-10', 13, 21),
(129, '2025-11-15', 13, 21),
(130, '2025-11-21', 13, 21),
(131, '2025-11-22', 13, 21),
(132, '2025-11-26', 13, 21),
(133, '2025-11-26', 13, 21),
(134, '2025-10-31', 13, 22),
(137, '2025-11-19', 13, 22),
(138, '2025-11-20', 13, 22),
(140, '2025-12-01', 13, 22),
(142, '2025-11-28', 13, 22),
(143, '2025-11-01', 14, 21),
(144, '2025-11-08', 14, 21),
(145, '2025-11-22', 14, 21),
(146, '2025-11-28', 14, 21),
(147, '2025-11-29', 14, 21),
(148, '2025-11-06', 14, 22),
(149, '2025-11-10', 14, 22),
(150, '2025-11-20', 14, 22),
(152, '2025-11-24', 14, 22),
(153, '2025-11-24', 14, 22),
(154, '2025-12-01', 14, 22),
(155, '2025-11-22', 14, 22);

-- --------------------------------------------------------

--
-- Структура таблицы `visits_group_student`
--

CREATE TABLE `visits_group_student` (
  `visits_group_student_id` int NOT NULL,
  `visit_id` int NOT NULL,
  `student_id` int NOT NULL,
  `student_grade` int NOT NULL
) ENGINE=InnoDB DEFAULT CHARSET=utf8mb4 COLLATE=utf8mb4_0900_ai_ci;

--
-- Дамп данных таблицы `visits_group_student`
--

INSERT INTO `visits_group_student` (`visits_group_student_id`, `visit_id`, `student_id`, `student_grade`) VALUES
(5, 6, 20, 1),
(6, 7, 20, 1),
(7, 8, 20, 1),
(8, 9, 20, 1),
(9, 10, 20, 1),
(10, 11, 20, 1),
(11, 12, 20, 1),
(12, 13, 20, 1),
(13, 6, 21, 1),
(14, 7, 21, 1),
(15, 8, 21, 1),
(16, 10, 21, 1),
(17, 11, 21, 1),
(18, 12, 21, 1),
(19, 13, 21, 1),
(20, 6, 22, 1),
(21, 7, 22, 1),
(22, 8, 22, 1),
(23, 9, 22, 1),
(24, 10, 22, 1),
(25, 11, 22, 1),
(26, 12, 22, 1),
(27, 9, 23, 1),
(28, 11, 23, 1),
(29, 6, 24, 1),
(30, 7, 24, 1),
(31, 8, 24, 1),
(32, 9, 24, 1),
(33, 10, 24, 1),
(34, 12, 24, 1),
(35, 13, 24, 1),
(36, 6, 25, 1),
(37, 6, 26, 1),
(38, 7, 26, 1),
(39, 10, 26, 1),
(40, 11, 26, 1),
(41, 12, 26, 1),
(42, 13, 26, 1),
(43, 6, 27, 1),
(44, 6, 28, 1),
(45, 7, 28, 1),
(46, 8, 28, 1),
(47, 9, 28, 1),
(48, 10, 28, 1),
(49, 11, 28, 1),
(50, 12, 28, 1),
(51, 13, 28, 1),
(52, 6, 29, 1),
(53, 7, 29, 1),
(54, 8, 29, 1),
(55, 11, 29, 1),
(56, 12, 29, 1),
(57, 13, 29, 1),
(58, 6, 30, 1),
(59, 7, 30, 1),
(60, 8, 30, 1),
(61, 9, 30, 1),
(62, 10, 30, 1),
(63, 11, 30, 1),
(64, 12, 30, 1),
(65, 6, 31, 1),
(66, 7, 31, 1),
(67, 8, 31, 1),
(68, 9, 31, 1),
(69, 10, 31, 1),
(70, 11, 31, 1),
(71, 12, 31, 1),
(72, 6, 32, 1),
(73, 6, 33, 1),
(74, 7, 33, 1),
(75, 9, 33, 1),
(76, 10, 33, 1),
(77, 11, 33, 1),
(78, 12, 33, 1),
(79, 13, 33, 1),
(80, 6, 34, 1),
(81, 7, 34, 1),
(82, 8, 34, 1),
(83, 9, 34, 1),
(84, 10, 34, 1),
(85, 12, 34, 0),
(86, 13, 34, 1),
(87, 11, 34, 1),
(88, 6, 35, 1),
(89, 7, 35, 1),
(90, 8, 35, 1),
(91, 9, 35, 1),
(92, 10, 35, 1),
(93, 11, 35, 1),
(94, 12, 35, 1),
(95, 13, 35, 1),
(96, 6, 36, 1),
(97, 11, 38, 1),
(98, 12, 38, 1),
(99, 9, 39, 1),
(100, 11, 39, 1),
(101, 7, 40, 1),
(102, 9, 40, 1),
(103, 10, 40, 1),
(104, 11, 40, 1),
(105, 6, 41, 1),
(106, 7, 41, 1),
(107, 8, 41, 1),
(108, 9, 41, 1),
(109, 10, 41, 1),
(110, 11, 41, 1),
(111, 12, 41, 1),
(112, 13, 41, 1),
(113, 6, 42, 1),
(114, 7, 42, 1),
(115, 9, 42, 1),
(116, 10, 42, 1),
(117, 11, 42, 1),
(118, 12, 42, 1),
(119, 13, 42, 1),
(120, 6, 43, 1),
(121, 7, 43, 1),
(122, 9, 43, 1),
(123, 10, 43, 1),
(124, 11, 43, 1),
(125, 12, 43, 1),
(126, 13, 43, 1),
(127, 6, 44, 1),
(128, 7, 44, 1),
(129, 8, 44, 1),
(130, 9, 44, 1),
(131, 10, 44, 1),
(132, 11, 44, 1),
(133, 13, 44, 1),
(134, 18, 45, 1),
(135, 19, 45, 1),
(136, 20, 45, 1),
(137, 21, 45, 1),
(138, 18, 46, 1),
(139, 19, 46, 1),
(140, 21, 46, 1),
(141, 16, 47, 1),
(142, 18, 47, 1),
(143, 17, 48, 1),
(144, 16, 49, 1),
(145, 17, 49, 1),
(146, 18, 49, 1),
(147, 19, 49, 1),
(148, 15, 50, 1),
(149, 16, 50, 1),
(150, 17, 50, 1),
(151, 18, 50, 1),
(152, 19, 50, 1),
(153, 20, 50, 1),
(154, 21, 50, 1),
(155, 16, 51, 1),
(156, 17, 51, 1),
(157, 18, 51, 1),
(158, 20, 51, 1),
(159, 14, 52, 1),
(160, 16, 52, 1),
(161, 18, 52, 1),
(162, 19, 52, 1),
(163, 20, 52, 1),
(164, 21, 52, 1),
(165, 15, 53, 1),
(166, 16, 53, 1),
(167, 18, 53, 1),
(168, 19, 53, 1),
(169, 21, 53, 1),
(170, 17, 54, 1),
(171, 21, 54, 1),
(172, 18, 55, 1),
(173, 17, 56, 1),
(174, 18, 56, 1),
(175, 19, 56, 1),
(176, 20, 56, 1),
(177, 17, 57, 1),
(178, 18, 57, 1),
(179, 19, 57, 1),
(180, 17, 58, 1),
(181, 18, 58, 1),
(182, 19, 58, 1),
(183, 20, 58, 1),
(184, 16, 59, 1),
(185, 17, 59, 1),
(186, 18, 59, 1),
(187, 19, 59, 1),
(188, 17, 60, 1),
(189, 18, 60, 1),
(190, 19, 60, 1),
(191, 16, 61, 1),
(192, 17, 61, 0),
(193, 18, 61, 1),
(194, 18, 62, 1),
(195, 19, 62, 1),
(196, 17, 63, 1),
(197, 18, 63, 1),
(198, 19, 63, 1),
(199, 21, 63, 1),
(200, 15, 64, 1),
(201, 16, 64, 1),
(202, 17, 64, 1),
(203, 18, 64, 1),
(204, 19, 64, 1),
(205, 20, 64, 1),
(206, 19, 65, 1),
(207, 20, 65, 1),
(208, 15, 66, 1),
(209, 15, 67, 1),
(210, 16, 67, 1),
(211, 17, 67, 1),
(212, 18, 67, 1),
(213, 19, 67, 1),
(214, 20, 67, 1),
(215, 16, 68, 1),
(216, 17, 68, 1),
(217, 18, 68, 1),
(218, 19, 68, 1),
(219, 20, 68, 1),
(220, 15, 69, 1),
(221, 17, 69, 1),
(222, 16, 69, 1),
(223, 18, 69, 1),
(224, 19, 69, 1),
(225, 20, 69, 0),
(226, 21, 69, 1),
(227, 14, 70, 1),
(228, 17, 70, 1),
(229, 18, 70, 1),
(230, 19, 70, 1),
(231, 21, 70, 1),
(232, 18, 71, 1),
(233, 21, 71, 1),
(234, 15, 72, 1),
(235, 16, 72, 1),
(236, 17, 72, 1),
(237, 18, 72, 1),
(238, 19, 72, 1),
(239, 20, 72, 1),
(240, 21, 72, 1),
(241, 18, 73, 1),
(242, 19, 73, 1),
(243, 24, 74, 1),
(244, 25, 74, 1),
(245, 26, 74, 1),
(246, 27, 74, 1),
(247, 28, 74, 1),
(248, 29, 74, 1),
(249, 24, 75, 1),
(250, 25, 75, 1),
(251, 26, 75, 1),
(252, 27, 75, 1),
(253, 28, 75, 1),
(254, 29, 75, 1),
(255, 26, 76, 1),
(256, 28, 76, 1),
(257, 22, 77, 1),
(258, 23, 77, 1),
(259, 24, 77, 1),
(260, 25, 77, 1),
(261, 26, 77, 1),
(262, 27, 77, 1),
(263, 28, 77, 1),
(264, 29, 77, 1),
(265, 22, 78, 1),
(266, 23, 78, 1),
(267, 24, 78, 1),
(268, 25, 78, 1),
(269, 27, 78, 1),
(270, 28, 78, 1),
(271, 29, 78, 1),
(272, 22, 79, 1),
(273, 23, 79, 1),
(274, 26, 79, 0),
(275, 27, 79, 1),
(276, 28, 79, 1),
(277, 22, 80, 1),
(278, 23, 80, 1),
(279, 24, 80, 1),
(280, 25, 80, 1),
(281, 26, 80, 1),
(282, 27, 80, 1),
(283, 28, 80, 1),
(284, 29, 80, 1),
(285, 22, 81, 1),
(286, 23, 81, 1),
(287, 24, 81, 1),
(288, 25, 81, 1),
(289, 27, 81, 1),
(290, 26, 81, 1),
(291, 28, 81, 1),
(292, 22, 82, 1),
(293, 23, 82, 1),
(294, 24, 82, 1),
(295, 25, 82, 1),
(296, 26, 82, 1),
(297, 28, 82, 1),
(298, 27, 82, 1),
(299, 29, 82, 1),
(300, 26, 83, 1),
(301, 27, 83, 1),
(302, 28, 83, 1),
(303, 29, 83, 1),
(304, 22, 84, 1),
(305, 23, 84, 1),
(306, 24, 84, 1),
(307, 25, 84, 1),
(308, 26, 84, 1),
(309, 28, 84, 1),
(310, 29, 84, 1),
(311, 22, 85, 1),
(312, 24, 85, 1),
(313, 25, 85, 1),
(314, 26, 85, 1),
(315, 28, 85, 1),
(316, 29, 85, 1),
(317, 22, 86, 1),
(318, 23, 86, 1),
(319, 24, 86, 1),
(320, 25, 86, 1),
(321, 26, 86, 1),
(322, 27, 86, 1),
(323, 28, 86, 1),
(324, 29, 86, 1),
(325, 22, 87, 1),
(326, 23, 87, 1),
(327, 22, 88, 1),
(328, 23, 88, 1),
(329, 24, 88, 1),
(330, 25, 88, 1),
(331, 26, 88, 1),
(332, 27, 88, 1),
(333, 28, 88, 1),
(334, 29, 88, 1),
(335, 22, 89, 1),
(336, 23, 89, 1),
(337, 24, 89, 1),
(338, 25, 89, 1),
(339, 26, 89, 1),
(340, 27, 89, 1),
(341, 28, 89, 1),
(342, 29, 89, 1),
(343, 22, 90, 1),
(344, 23, 90, 1),
(345, 24, 90, 1),
(346, 25, 90, 1),
(347, 26, 90, 1),
(348, 27, 90, 1),
(349, 28, 90, 1),
(350, 29, 90, 1),
(351, 24, 91, 1),
(352, 25, 91, 1),
(353, 26, 91, 1),
(354, 27, 91, 1),
(355, 28, 91, 1),
(356, 29, 91, 1),
(357, 22, 92, 1),
(358, 23, 92, 1),
(359, 24, 92, 1),
(360, 25, 92, 1),
(361, 26, 92, 1),
(362, 27, 92, 1),
(363, 28, 92, 1),
(364, 29, 92, 1),
(365, 24, 93, 1),
(366, 25, 93, 1),
(367, 26, 93, 1),
(368, 27, 93, 1),
(369, 28, 93, 1),
(370, 29, 93, 1),
(371, 24, 94, 1),
(372, 25, 94, 1),
(373, 26, 94, 1),
(374, 27, 94, 1),
(375, 28, 94, 1),
(376, 24, 95, 1),
(377, 25, 95, 1),
(378, 26, 95, 1),
(379, 27, 95, 1),
(380, 28, 95, 1),
(381, 29, 95, 1),
(382, 26, 96, 1),
(383, 28, 96, 1),
(384, 29, 96, 1),
(385, 22, 97, 0),
(386, 23, 97, 0),
(387, 24, 97, 1),
(388, 25, 97, 1),
(389, 26, 97, 1),
(390, 27, 97, 1),
(391, 28, 97, 1),
(392, 29, 97, 1),
(393, 24, 98, 1),
(394, 25, 98, 1),
(395, 26, 98, 1),
(396, 27, 98, 1),
(397, 28, 98, 1),
(398, 29, 98, 1),
(399, 31, 100, 1),
(400, 30, 101, 1),
(401, 31, 101, 1),
(402, 32, 101, 1),
(403, 33, 101, 1),
(404, 34, 101, 1),
(405, 30, 102, 1),
(406, 31, 102, 1),
(407, 32, 102, 1),
(408, 33, 102, 1),
(409, 34, 102, 1),
(410, 30, 103, 1),
(411, 30, 104, 1),
(412, 31, 104, 1),
(413, 32, 104, 1),
(414, 33, 104, 1),
(415, 34, 104, 1),
(416, 30, 106, 1),
(417, 31, 106, 1),
(418, 32, 106, 1),
(419, 33, 106, 1),
(420, 34, 106, 1),
(421, 30, 107, 1),
(422, 31, 107, 1),
(423, 32, 107, 1),
(424, 33, 107, 1),
(425, 32, 108, 1),
(426, 33, 108, 1),
(427, 30, 109, 1),
(428, 31, 109, 1),
(429, 32, 109, 1),
(430, 33, 109, 1),
(431, 30, 110, 1),
(432, 31, 110, 1),
(433, 32, 110, 1),
(434, 33, 110, 1),
(435, 34, 110, 1),
(436, 30, 111, 1),
(437, 32, 111, 1),
(438, 32, 112, 1),
(439, 33, 112, 1),
(440, 33, 113, 1),
(441, 30, 115, 1),
(442, 31, 115, 1),
(443, 32, 115, 1),
(444, 33, 115, 1),
(445, 34, 115, 1),
(446, 30, 116, 1),
(447, 31, 116, 1),
(448, 32, 116, 1),
(449, 33, 116, 1),
(450, 30, 118, 1),
(451, 31, 118, 1),
(452, 32, 118, 1),
(453, 33, 118, 1),
(454, 34, 118, 1),
(455, 31, 119, 1),
(456, 32, 119, 1),
(457, 33, 119, 1),
(458, 30, 120, 1),
(459, 32, 120, 1),
(460, 33, 120, 1),
(461, 32, 121, 1),
(462, 33, 121, 1),
(463, 30, 122, 1),
(464, 32, 122, 1),
(465, 33, 122, 1),
(466, 34, 122, 1),
(467, 30, 123, 1),
(468, 31, 123, 1),
(469, 33, 123, 1),
(470, 30, 124, 1),
(471, 32, 124, 1),
(472, 33, 124, 1),
(473, 34, 124, 1),
(474, 35, 126, 1),
(475, 36, 126, 1),
(476, 38, 126, 1),
(477, 39, 126, 1),
(478, 40, 126, 1),
(479, 41, 126, 1),
(480, 42, 20, 1),
(481, 44, 20, 1),
(482, 45, 20, 1),
(483, 46, 20, 1),
(484, 49, 20, 1),
(485, 42, 21, 1),
(486, 43, 21, 1),
(487, 44, 21, 1),
(488, 47, 21, 1),
(489, 49, 21, 1),
(490, 43, 22, 1),
(491, 46, 22, 1),
(492, 47, 22, 1),
(493, 48, 22, 1),
(494, 44, 23, 1),
(495, 42, 24, 1),
(496, 43, 24, 1),
(497, 44, 24, 1),
(498, 45, 24, 1),
(499, 46, 24, 1),
(500, 48, 24, 1),
(501, 49, 24, 1),
(502, 42, 25, 1),
(503, 48, 25, 1),
(504, 43, 26, 1),
(505, 44, 26, 1),
(506, 45, 26, 1),
(507, 46, 26, 1),
(508, 47, 26, 1),
(509, 48, 26, 1),
(510, 49, 26, 1),
(511, 42, 28, 1),
(512, 43, 28, 1),
(513, 44, 28, 1),
(514, 45, 28, 1),
(515, 47, 28, 1),
(516, 48, 28, 1),
(517, 49, 28, 1),
(518, 42, 29, 1),
(519, 44, 29, 1),
(520, 45, 29, 1),
(521, 46, 29, 1),
(522, 47, 29, 1),
(523, 42, 30, 1),
(524, 43, 30, 1),
(525, 44, 30, 1),
(526, 45, 30, 1),
(527, 46, 30, 1),
(528, 47, 30, 1),
(529, 48, 30, 1),
(530, 49, 30, 1),
(531, 42, 31, 1),
(532, 43, 31, 1),
(533, 44, 31, 1),
(534, 45, 31, 1),
(535, 46, 31, 1),
(536, 47, 31, 1),
(537, 48, 31, 1),
(538, 49, 31, 1),
(539, 42, 33, 1),
(540, 43, 33, 1),
(541, 44, 33, 1),
(542, 45, 33, 1),
(543, 47, 33, 1),
(544, 48, 33, 1),
(545, 49, 33, 1),
(546, 42, 34, 1),
(547, 43, 34, 1),
(548, 45, 34, 1),
(549, 46, 34, 1),
(550, 48, 34, 1),
(551, 49, 34, 1),
(552, 42, 35, 1),
(553, 43, 35, 1),
(554, 44, 35, 1),
(555, 45, 35, 1),
(556, 46, 35, 1),
(557, 47, 35, 1),
(558, 48, 35, 1),
(559, 49, 35, 1),
(560, 42, 36, 1),
(561, 43, 36, 1),
(562, 44, 36, 1),
(563, 44, 38, 1),
(564, 45, 38, 1),
(565, 47, 38, 1),
(566, 48, 38, 1),
(567, 44, 39, 1),
(568, 42, 40, 1),
(569, 45, 40, 1),
(570, 47, 40, 1),
(571, 42, 41, 1),
(572, 44, 41, 1),
(573, 45, 41, 1),
(574, 47, 41, 1),
(575, 48, 41, 1),
(576, 49, 41, 1),
(577, 43, 42, 1),
(578, 44, 42, 1),
(579, 45, 42, 1),
(580, 47, 42, 1),
(581, 47, 42, 0),
(582, 46, 42, 1),
(583, 48, 42, 1),
(584, 49, 42, 1),
(585, 42, 43, 1),
(586, 43, 43, 1),
(587, 45, 43, 1),
(588, 46, 43, 1),
(589, 47, 43, 1),
(590, 48, 43, 1),
(591, 49, 43, 1),
(592, 42, 44, 1),
(593, 43, 44, 1),
(594, 45, 44, 1),
(595, 46, 44, 1),
(596, 48, 44, 1),
(597, 49, 44, 1),
(598, 51, 20, 1),
(599, 52, 20, 1),
(600, 53, 20, 1),
(601, 54, 20, 1),
(602, 55, 20, 1),
(603, 57, 20, 1),
(604, 58, 20, 1),
(605, 59, 20, 1),
(606, 51, 21, 1),
(607, 52, 21, 1),
(608, 53, 21, 1),
(609, 55, 21, 1),
(610, 56, 21, 1),
(611, 57, 21, 1),
(612, 51, 22, 1),
(613, 52, 22, 1),
(614, 55, 22, 1),
(615, 56, 22, 1),
(616, 51, 24, 1),
(617, 52, 24, 1),
(618, 53, 24, 1),
(619, 54, 24, 1),
(620, 55, 24, 1),
(621, 57, 24, 1),
(622, 58, 24, 1),
(623, 59, 24, 1),
(624, 50, 26, 1),
(625, 51, 26, 1),
(626, 52, 26, 1),
(627, 53, 26, 1),
(628, 54, 26, 1),
(629, 55, 26, 1),
(630, 56, 26, 1),
(631, 57, 26, 1),
(632, 58, 26, 1),
(633, 59, 26, 1),
(634, 53, 27, 1),
(635, 50, 28, 1),
(636, 51, 28, 1),
(637, 52, 28, 1),
(638, 53, 28, 1),
(639, 54, 28, 1),
(640, 55, 28, 1),
(641, 56, 28, 1),
(642, 57, 28, 1),
(643, 58, 28, 1),
(644, 59, 28, 1),
(645, 51, 29, 1),
(646, 52, 29, 1),
(647, 53, 29, 1),
(648, 54, 29, 1),
(649, 56, 29, 1),
(650, 57, 29, 1),
(651, 51, 30, 1),
(652, 52, 30, 1),
(653, 53, 30, 1),
(654, 54, 30, 1),
(655, 55, 30, 1),
(656, 56, 30, 1),
(657, 57, 30, 1),
(658, 57, 30, 0),
(659, 58, 30, 1),
(660, 59, 30, 1),
(661, 51, 31, 1),
(662, 52, 31, 1),
(663, 53, 31, 1),
(664, 54, 31, 1),
(665, 59, 31, 1),
(666, 56, 31, 1),
(667, 58, 31, 1),
(668, 55, 31, 1),
(669, 51, 32, 1),
(670, 57, 32, 1),
(671, 50, 33, 1),
(672, 51, 33, 1),
(673, 52, 33, 1),
(674, 53, 33, 1),
(675, 54, 33, 1),
(676, 55, 33, 1),
(677, 56, 33, 1),
(678, 57, 33, 1),
(679, 58, 33, 1),
(680, 59, 33, 1),
(681, 51, 34, 1),
(682, 52, 34, 1),
(683, 54, 34, 1),
(684, 55, 34, 1),
(685, 57, 34, 1),
(686, 58, 34, 1),
(687, 59, 34, 1),
(688, 51, 35, 1),
(689, 52, 35, 1),
(690, 53, 35, 1),
(691, 54, 35, 1),
(692, 55, 35, 1),
(693, 56, 35, 1),
(694, 57, 35, 1),
(695, 58, 35, 1),
(696, 59, 35, 1),
(697, 53, 36, 1),
(698, 54, 38, 1),
(699, 55, 38, 1),
(700, 56, 38, 1),
(701, 57, 39, 1),
(702, 52, 40, 1),
(703, 53, 40, 1),
(704, 54, 40, 1),
(705, 55, 40, 1),
(706, 56, 40, 1),
(707, 57, 40, 1),
(708, 58, 40, 1),
(709, 59, 40, 1),
(710, 50, 41, 1),
(711, 51, 41, 1),
(712, 52, 41, 1),
(713, 53, 41, 1),
(714, 54, 41, 1),
(715, 55, 41, 1),
(716, 56, 41, 1),
(717, 57, 41, 1),
(718, 58, 41, 1),
(719, 59, 41, 1),
(720, 51, 42, 1),
(721, 52, 42, 1),
(722, 53, 42, 1),
(723, 54, 42, 1),
(724, 55, 42, 1),
(725, 57, 42, 1),
(726, 58, 42, 1),
(727, 59, 42, 1),
(728, 52, 43, 1),
(729, 53, 43, 1),
(730, 54, 43, 1),
(731, 55, 43, 1),
(732, 56, 43, 1),
(733, 57, 43, 1),
(734, 58, 43, 1),
(735, 59, 43, 1),
(736, 52, 44, 1),
(737, 54, 44, 1),
(738, 55, 44, 1),
(739, 57, 44, 1),
(740, 60, 45, 1),
(741, 61, 45, 1),
(742, 64, 45, 1),
(743, 65, 45, 1),
(744, 60, 46, 1),
(745, 61, 46, 1),
(746, 62, 46, 1),
(747, 64, 46, 1),
(748, 65, 46, 1),
(749, 61, 48, 1),
(750, 62, 48, 1),
(751, 65, 48, 1),
(752, 66, 48, 1),
(753, 62, 49, 1),
(754, 65, 49, 1),
(755, 66, 49, 1),
(756, 60, 50, 1),
(757, 61, 50, 1),
(758, 62, 50, 1),
(759, 63, 50, 1),
(760, 64, 50, 1),
(761, 65, 50, 1),
(762, 66, 50, 1),
(763, 60, 51, 1),
(764, 66, 51, 1),
(765, 60, 52, 1),
(766, 62, 52, 1),
(767, 63, 52, 1),
(768, 64, 52, 1),
(769, 61, 53, 1),
(770, 64, 53, 1),
(771, 65, 53, 1),
(772, 66, 53, 1),
(773, 66, 54, 1),
(774, 64, 54, 1),
(775, 62, 55, 1),
(776, 66, 55, 1),
(777, 65, 55, 1),
(778, 60, 56, 1),
(779, 61, 56, 1),
(780, 62, 56, 1),
(781, 63, 56, 1),
(782, 66, 56, 1),
(783, 65, 56, 1),
(784, 63, 56, 0),
(785, 64, 56, 0),
(786, 62, 57, 1),
(787, 65, 57, 1),
(788, 61, 58, 1),
(789, 65, 58, 1),
(790, 61, 59, 1),
(791, 62, 59, 1),
(792, 63, 59, 1),
(793, 65, 59, 1),
(794, 66, 59, 1),
(795, 62, 60, 1),
(796, 65, 60, 1),
(797, 66, 60, 1),
(798, 65, 61, 1),
(799, 62, 62, 1),
(800, 66, 62, 1),
(801, 65, 62, 1),
(802, 60, 63, 1),
(803, 64, 63, 1),
(804, 66, 63, 1),
(805, 60, 64, 1),
(806, 61, 64, 1),
(807, 62, 64, 1),
(808, 63, 64, 1),
(809, 65, 64, 1),
(810, 66, 64, 1),
(811, 62, 66, 1),
(812, 60, 67, 1),
(813, 61, 67, 1),
(814, 62, 67, 1),
(815, 63, 67, 1),
(816, 65, 67, 1),
(817, 66, 67, 1),
(818, 60, 68, 1),
(819, 61, 68, 1),
(820, 63, 68, 1),
(821, 65, 68, 1),
(822, 66, 68, 1),
(823, 60, 69, 1),
(824, 60, 69, 0),
(825, 61, 69, 1),
(826, 62, 69, 1),
(827, 64, 69, 1),
(828, 65, 69, 1),
(829, 66, 69, 1),
(830, 60, 70, 1),
(831, 65, 70, 1),
(832, 60, 71, 1),
(833, 61, 71, 1),
(834, 62, 71, 1),
(835, 64, 71, 1),
(836, 65, 71, 1),
(837, 61, 72, 1),
(838, 62, 72, 1),
(839, 64, 72, 1),
(840, 66, 72, 1),
(841, 60, 73, 1),
(842, 61, 73, 1),
(843, 65, 73, 1),
(844, 66, 73, 1),
(845, 70, 45, 1),
(847, 72, 45, 1),
(848, 75, 45, 1),
(849, 70, 46, 1),
(851, 67, 48, 1),
(852, 70, 48, 1),
(853, 72, 48, 1),
(854, 69, 49, 1),
(855, 70, 49, 1),
(856, 72, 49, 1),
(857, 75, 49, 1),
(858, 67, 50, 1),
(859, 68, 50, 1),
(860, 69, 50, 1),
(861, 70, 50, 1),
(863, 72, 50, 1),
(864, 73, 50, 1),
(866, 75, 50, 1),
(869, 67, 52, 1),
(870, 68, 52, 1),
(871, 70, 52, 1),
(873, 72, 52, 1),
(875, 75, 52, 1),
(876, 67, 53, 1),
(877, 70, 53, 1),
(879, 73, 53, 1),
(882, 72, 53, 1),
(883, 75, 53, 1),
(884, 69, 53, 1),
(886, 76, 45, 1),
(887, 76, 46, 1),
(888, 76, 50, 1),
(889, 77, 50, 1),
(890, 76, 51, 1),
(891, 77, 51, 1),
(892, 76, 52, 1),
(893, 77, 52, 1),
(894, 70, 54, 1),
(895, 69, 55, 1),
(896, 70, 55, 1),
(897, 72, 55, 1),
(898, 67, 56, 1),
(899, 69, 56, 1),
(900, 70, 56, 1),
(901, 76, 56, 1),
(902, 77, 56, 1),
(903, 70, 57, 1),
(904, 72, 57, 1),
(905, 75, 57, 1),
(906, 69, 58, 1),
(907, 70, 58, 1),
(908, 75, 58, 1),
(909, 67, 59, 1),
(910, 69, 59, 1),
(911, 70, 59, 1),
(912, 72, 59, 1),
(913, 73, 59, 1),
(914, 77, 59, 1),
(915, 69, 60, 1),
(916, 70, 60, 1),
(917, 70, 61, 1),
(918, 70, 62, 1),
(919, 75, 62, 1),
(920, 67, 63, 1),
(921, 68, 63, 1),
(922, 69, 63, 1),
(923, 70, 63, 1),
(924, 76, 63, 1),
(925, 75, 63, 1),
(926, 67, 64, 1),
(927, 68, 64, 1),
(928, 69, 64, 1),
(929, 70, 64, 1),
(930, 76, 64, 1),
(931, 72, 64, 1),
(932, 73, 64, 1),
(933, 77, 64, 1),
(934, 75, 64, 1),
(935, 67, 65, 1),
(936, 69, 65, 1),
(937, 77, 65, 1),
(938, 75, 65, 1),
(939, 67, 67, 1),
(940, 68, 67, 1),
(941, 69, 67, 1),
(942, 70, 67, 1),
(943, 76, 67, 1),
(944, 72, 67, 1),
(945, 73, 67, 1),
(946, 77, 67, 1),
(947, 75, 67, 1),
(948, 67, 68, 1),
(949, 68, 68, 1),
(950, 69, 68, 1),
(951, 70, 68, 1),
(952, 76, 68, 1),
(953, 72, 68, 1),
(954, 73, 68, 1),
(955, 77, 68, 1),
(956, 75, 68, 1),
(957, 67, 69, 1),
(958, 70, 69, 1),
(959, 72, 69, 1),
(960, 77, 69, 1),
(961, 75, 69, 1),
(962, 68, 70, 1),
(963, 69, 70, 1),
(964, 76, 70, 1),
(965, 72, 70, 1),
(966, 77, 70, 1),
(967, 75, 70, 1),
(968, 70, 71, 1),
(969, 76, 71, 1),
(970, 75, 71, 1),
(971, 67, 72, 1),
(972, 68, 72, 1),
(973, 69, 72, 1),
(974, 70, 72, 1),
(975, 72, 72, 1),
(976, 73, 72, 1),
(977, 77, 72, 1),
(978, 75, 72, 1),
(979, 70, 73, 1),
(980, 76, 73, 1),
(981, 72, 73, 1),
(982, 73, 73, 1),
(983, 75, 73, 1),
(984, 80, 75, 1),
(985, 78, 75, 1),
(986, 80, 76, 1),
(987, 79, 77, 1),
(988, 78, 78, 1),
(989, 79, 78, 1),
(990, 80, 79, 1),
(991, 78, 80, 1),
(992, 79, 80, 1),
(993, 80, 80, 1),
(994, 80, 81, 1),
(995, 80, 82, 1),
(996, 79, 82, 1),
(997, 78, 82, 1),
(998, 78, 83, 1),
(999, 79, 83, 1),
(1000, 80, 83, 1),
(1001, 80, 84, 1),
(1002, 79, 84, 1),
(1003, 80, 85, 1),
(1004, 79, 85, 1),
(1005, 80, 86, 1),
(1006, 79, 86, 1),
(1007, 78, 86, 1),
(1008, 80, 88, 1),
(1009, 79, 88, 1),
(1010, 78, 88, 1),
(1011, 79, 89, 1),
(1012, 80, 90, 1),
(1013, 79, 90, 1),
(1014, 78, 90, 1),
(1015, 80, 91, 1),
(1016, 79, 91, 1),
(1017, 78, 91, 1),
(1018, 80, 92, 1),
(1019, 79, 92, 1),
(1020, 78, 92, 1),
(1021, 80, 93, 1),
(1022, 79, 93, 1),
(1023, 78, 93, 1),
(1024, 80, 95, 1),
(1025, 79, 95, 1),
(1026, 78, 95, 1),
(1027, 80, 96, 1),
(1028, 79, 96, 1),
(1029, 78, 97, 1),
(1030, 79, 97, 1),
(1031, 78, 98, 1),
(1032, 79, 98, 1),
(1033, 81, 126, 1),
(1034, 82, 126, 1),
(1035, 83, 126, 1),
(1036, 84, 126, 1),
(1037, 85, 126, 1),
(1038, 86, 126, 1),
(1039, 87, 126, 1),
(1041, 89, 126, 1),
(1042, 89, 127, 1),
(1043, 87, 127, 1),
(1044, 85, 127, 1),
(1045, 84, 127, 1),
(1046, 82, 127, 1),
(1047, 81, 127, 1),
(1048, 83, 127, 1),
(1049, 81, 128, 1),
(1050, 82, 128, 1),
(1051, 83, 128, 1),
(1052, 84, 128, 1),
(1053, 85, 128, 1),
(1054, 86, 128, 1),
(1055, 87, 128, 1),
(1057, 89, 128, 1),
(1058, 81, 129, 1),
(1059, 82, 129, 1),
(1060, 83, 129, 1),
(1061, 84, 129, 1),
(1062, 85, 129, 1),
(1063, 86, 129, 1),
(1064, 87, 129, 1),
(1066, 89, 129, 1),
(1067, 89, 130, 1),
(1069, 87, 130, 1),
(1070, 81, 131, 1),
(1071, 82, 131, 1),
(1072, 83, 131, 1),
(1073, 84, 131, 1),
(1074, 86, 131, 1),
(1075, 87, 131, 1),
(1077, 89, 131, 1),
(1078, 81, 132, 1),
(1079, 84, 132, 1),
(1080, 86, 132, 1),
(1081, 89, 132, 1),
(1082, 81, 133, 1),
(1083, 82, 133, 1),
(1084, 84, 133, 1),
(1085, 87, 133, 1),
(1086, 89, 133, 1),
(1087, 83, 134, 1),
(1088, 87, 134, 1),
(1089, 89, 134, 1),
(1090, 81, 135, 1),
(1091, 84, 135, 1),
(1092, 87, 135, 1),
(1093, 89, 135, 1),
(1094, 81, 136, 1),
(1095, 83, 136, 1),
(1096, 85, 136, 1),
(1097, 86, 136, 1),
(1098, 87, 136, 1),
(1099, 89, 136, 1),
(1100, 81, 137, 1),
(1101, 82, 137, 1),
(1102, 83, 137, 1),
(1103, 84, 137, 1),
(1104, 85, 137, 1),
(1105, 86, 137, 1),
(1106, 87, 137, 1),
(1107, 89, 137, 1),
(1108, 85, 138, 1),
(1109, 87, 138, 1),
(1110, 89, 138, 1),
(1111, 81, 140, 1),
(1112, 84, 140, 1),
(1113, 87, 140, 1),
(1114, 85, 140, 1),
(1116, 86, 140, 1),
(1117, 81, 141, 1),
(1118, 82, 141, 1),
(1119, 83, 141, 1),
(1120, 84, 141, 1),
(1121, 85, 141, 1),
(1122, 86, 141, 1),
(1123, 87, 141, 1),
(1125, 89, 141, 1),
(1126, 81, 142, 1),
(1127, 82, 142, 1),
(1128, 83, 142, 1),
(1129, 84, 142, 1),
(1130, 85, 142, 1),
(1131, 86, 142, 1),
(1132, 87, 142, 1),
(1134, 89, 142, 1),
(1135, 81, 143, 1),
(1136, 82, 143, 1),
(1137, 83, 143, 1),
(1138, 84, 143, 1),
(1139, 85, 143, 1),
(1140, 86, 143, 1),
(1141, 87, 143, 1),
(1143, 89, 143, 1),
(1145, 81, 144, 1),
(1146, 82, 144, 1),
(1147, 84, 144, 1),
(1148, 85, 144, 1),
(1149, 86, 144, 1),
(1150, 87, 144, 1),
(1151, 90, 144, 1),
(1152, 89, 144, 1),
(1153, 81, 145, 1),
(1154, 87, 145, 1),
(1155, 81, 146, 1),
(1156, 82, 146, 1),
(1157, 83, 146, 1),
(1158, 84, 146, 1),
(1159, 86, 146, 1),
(1160, 87, 146, 1),
(1161, 90, 146, 1),
(1162, 89, 146, 1),
(1163, 81, 147, 1),
(1164, 82, 147, 1),
(1165, 84, 147, 1),
(1166, 86, 147, 1),
(1167, 87, 147, 1),
(1168, 82, 148, 1),
(1169, 83, 148, 1),
(1170, 84, 148, 1),
(1171, 85, 148, 1),
(1172, 86, 148, 1),
(1173, 87, 148, 1),
(1174, 89, 148, 1),
(1175, 90, 126, 1),
(1176, 90, 128, 1),
(1177, 90, 129, 1),
(1178, 90, 130, 1),
(1179, 90, 131, 1),
(1180, 90, 141, 1),
(1181, 90, 140, 1),
(1182, 90, 142, 1),
(1183, 92, 125, 1),
(1184, 92, 126, 1),
(1185, 91, 126, 1),
(1186, 36, 127, 1),
(1187, 37, 127, 1),
(1188, 38, 127, 1),
(1189, 39, 127, 1),
(1190, 40, 127, 1),
(1191, 41, 127, 1),
(1192, 91, 127, 1),
(1193, 92, 127, 1),
(1194, 93, 127, 1),
(1195, 36, 128, 1),
(1196, 37, 128, 1),
(1197, 38, 128, 1),
(1198, 39, 128, 1),
(1199, 91, 128, 1),
(1200, 92, 128, 1),
(1201, 93, 128, 1),
(1202, 35, 129, 1),
(1203, 36, 129, 1),
(1204, 37, 129, 1),
(1205, 38, 129, 1),
(1206, 39, 129, 1),
(1207, 40, 129, 1),
(1208, 41, 129, 1),
(1209, 91, 129, 1),
(1210, 92, 129, 1),
(1211, 93, 129, 1),
(1212, 38, 130, 1),
(1213, 91, 130, 1),
(1214, 92, 130, 1),
(1215, 93, 130, 1),
(1216, 36, 131, 1),
(1217, 37, 131, 1),
(1218, 38, 131, 1),
(1219, 39, 131, 1),
(1220, 91, 131, 1),
(1221, 92, 131, 1),
(1222, 93, 131, 1),
(1223, 93, 133, 1),
(1224, 92, 133, 1),
(1225, 91, 133, 1),
(1226, 92, 134, 1),
(1227, 35, 135, 0),
(1228, 36, 135, 1),
(1229, 38, 135, 1),
(1230, 39, 135, 1),
(1231, 37, 135, 1),
(1232, 40, 135, 1),
(1233, 41, 135, 1),
(1234, 91, 135, 1),
(1235, 92, 135, 1),
(1236, 93, 135, 1),
(1237, 36, 136, 1),
(1238, 37, 136, 1),
(1239, 40, 136, 1),
(1240, 41, 136, 1),
(1241, 91, 136, 1),
(1242, 92, 136, 1),
(1243, 93, 136, 1),
(1244, 37, 137, 1),
(1245, 38, 137, 1),
(1246, 39, 137, 1),
(1247, 40, 137, 1),
(1248, 41, 137, 1),
(1249, 92, 137, 1),
(1250, 93, 137, 1),
(1251, 37, 138, 1),
(1252, 38, 138, 1),
(1253, 40, 138, 1),
(1254, 41, 138, 1),
(1255, 91, 138, 1),
(1256, 92, 138, 1),
(1257, 35, 139, 1),
(1258, 36, 139, 1),
(1259, 93, 139, 1),
(1260, 35, 140, 1),
(1261, 36, 140, 1),
(1262, 37, 140, 1),
(1263, 38, 140, 1),
(1264, 39, 140, 1),
(1265, 40, 140, 1),
(1266, 41, 140, 1),
(1267, 92, 140, 1),
(1268, 35, 141, 1),
(1269, 36, 141, 1),
(1270, 37, 141, 1),
(1271, 38, 141, 1),
(1272, 39, 141, 1),
(1273, 40, 141, 1),
(1274, 41, 141, 1),
(1275, 91, 141, 1),
(1276, 93, 141, 1),
(1277, 92, 141, 1),
(1278, 37, 142, 1),
(1279, 38, 142, 1),
(1280, 40, 142, 1),
(1281, 41, 142, 1),
(1282, 91, 142, 1),
(1283, 92, 142, 1),
(1284, 93, 142, 1),
(1285, 36, 143, 1),
(1286, 37, 143, 1),
(1287, 38, 143, 1),
(1288, 39, 143, 1),
(1289, 40, 143, 1),
(1290, 41, 143, 1),
(1291, 91, 143, 1),
(1292, 92, 143, 1),
(1293, 93, 143, 1),
(1294, 36, 144, 1),
(1295, 37, 144, 1),
(1296, 38, 144, 1),
(1297, 39, 144, 1),
(1298, 91, 144, 1),
(1299, 92, 144, 1),
(1300, 93, 144, 1),
(1301, 36, 145, 1),
(1302, 38, 145, 1),
(1303, 92, 145, 1),
(1304, 36, 146, 1),
(1305, 37, 146, 1),
(1306, 39, 146, 1),
(1307, 92, 146, 1),
(1308, 38, 147, 1),
(1309, 39, 147, 1),
(1310, 91, 147, 1),
(1311, 92, 147, 1),
(1312, 35, 148, 1),
(1313, 37, 148, 1),
(1314, 39, 148, 1),
(1315, 40, 148, 1),
(1316, 41, 148, 1),
(1317, 92, 148, 1),
(1318, 97, 100, 1),
(1319, 96, 100, 1),
(1320, 95, 101, 1),
(1321, 94, 102, 1),
(1322, 95, 102, 1),
(1323, 97, 102, 1),
(1324, 94, 103, 1),
(1325, 95, 103, 1),
(1326, 94, 104, 1),
(1327, 95, 104, 1),
(1328, 96, 104, 1),
(1329, 97, 104, 1),
(1330, 95, 106, 1),
(1331, 96, 106, 1),
(1332, 97, 106, 1),
(1333, 96, 107, 1),
(1334, 97, 107, 1),
(1335, 94, 108, 1),
(1336, 97, 108, 1),
(1337, 97, 109, 1),
(1338, 96, 109, 1),
(1339, 94, 110, 1),
(1340, 95, 110, 1),
(1341, 96, 110, 1),
(1342, 97, 110, 1),
(1343, 97, 111, 1),
(1344, 95, 111, 1),
(1345, 96, 114, 1),
(1346, 95, 115, 1),
(1347, 96, 115, 1),
(1348, 97, 115, 1),
(1349, 97, 116, 1),
(1350, 96, 116, 1),
(1351, 94, 117, 1),
(1352, 95, 117, 1),
(1353, 97, 118, 1),
(1354, 95, 118, 1),
(1355, 94, 118, 1),
(1356, 97, 119, 1),
(1357, 96, 120, 1),
(1358, 95, 120, 1),
(1359, 94, 120, 1),
(1360, 94, 121, 1),
(1361, 97, 121, 1),
(1362, 94, 122, 1),
(1363, 95, 122, 1),
(1364, 97, 122, 1),
(1365, 95, 123, 1),
(1366, 94, 123, 1),
(1367, 94, 124, 1),
(1368, 95, 124, 1),
(1369, 96, 124, 1),
(1370, 97, 124, 1),
(1371, 100, 100, 1),
(1372, 102, 100, 1),
(1373, 107, 100, 1),
(1374, 100, 101, 1),
(1375, 102, 101, 1),
(1376, 103, 101, 1),
(1377, 104, 101, 1),
(1378, 105, 101, 1),
(1379, 106, 101, 1),
(1380, 98, 102, 1),
(1381, 99, 102, 1),
(1382, 100, 102, 1),
(1383, 101, 102, 1),
(1384, 102, 102, 1),
(1385, 103, 102, 1),
(1386, 104, 102, 1),
(1387, 105, 102, 1),
(1388, 106, 102, 1),
(1389, 101, 103, 1),
(1390, 102, 103, 1),
(1391, 103, 103, 1),
(1392, 105, 103, 1),
(1393, 100, 104, 1),
(1394, 101, 104, 1),
(1395, 102, 104, 1),
(1396, 104, 104, 1),
(1397, 106, 104, 1),
(1398, 107, 104, 1),
(1399, 102, 105, 1),
(1400, 103, 105, 1),
(1401, 105, 105, 1),
(1402, 106, 105, 1),
(1403, 98, 106, 1),
(1404, 99, 106, 1),
(1405, 100, 106, 1),
(1406, 101, 106, 1),
(1407, 102, 106, 1),
(1408, 103, 106, 1),
(1409, 104, 106, 1),
(1410, 106, 106, 1),
(1411, 107, 106, 1),
(1412, 102, 107, 1),
(1413, 103, 107, 1),
(1414, 105, 107, 1),
(1415, 107, 107, 1),
(1416, 102, 108, 1),
(1417, 102, 109, 1),
(1418, 103, 109, 1),
(1419, 105, 109, 1),
(1420, 107, 109, 1),
(1421, 98, 110, 1),
(1422, 99, 110, 1),
(1423, 100, 110, 1),
(1424, 101, 110, 1),
(1425, 102, 110, 1),
(1426, 103, 110, 1),
(1427, 104, 110, 1),
(1428, 105, 110, 1),
(1429, 106, 110, 1),
(1430, 107, 110, 1),
(1431, 98, 111, 1),
(1432, 99, 111, 1),
(1433, 100, 111, 1),
(1434, 102, 111, 1),
(1435, 103, 111, 1),
(1436, 102, 112, 1),
(1437, 103, 112, 1),
(1438, 102, 113, 1),
(1439, 103, 113, 1),
(1440, 102, 114, 1),
(1441, 107, 114, 1),
(1442, 106, 114, 1),
(1443, 99, 115, 1),
(1444, 101, 115, 1),
(1445, 102, 115, 1),
(1446, 103, 115, 1),
(1447, 104, 115, 1),
(1448, 105, 115, 1),
(1449, 106, 115, 1),
(1450, 107, 115, 1),
(1451, 98, 116, 1),
(1452, 99, 116, 1),
(1453, 100, 116, 1),
(1454, 101, 116, 1),
(1455, 102, 116, 1),
(1456, 103, 116, 1),
(1457, 107, 116, 1),
(1458, 103, 117, 1),
(1459, 106, 117, 1),
(1460, 98, 118, 1),
(1461, 99, 118, 1),
(1462, 100, 118, 1),
(1463, 101, 118, 1),
(1464, 102, 118, 1),
(1465, 103, 118, 1),
(1466, 104, 118, 1),
(1467, 105, 118, 1),
(1468, 106, 118, 1),
(1469, 98, 119, 1),
(1470, 99, 119, 1),
(1471, 100, 119, 1),
(1472, 102, 119, 1),
(1473, 106, 119, 1),
(1474, 101, 120, 1),
(1475, 102, 120, 1),
(1476, 103, 120, 1),
(1477, 107, 120, 1),
(1478, 102, 121, 1),
(1479, 103, 121, 1),
(1480, 98, 122, 1),
(1481, 99, 122, 1),
(1482, 101, 122, 1),
(1483, 102, 122, 1),
(1484, 103, 122, 1),
(1485, 104, 122, 1),
(1486, 105, 122, 1),
(1487, 106, 122, 1),
(1488, 100, 123, 1),
(1489, 102, 123, 1),
(1490, 103, 123, 1),
(1491, 98, 124, 1),
(1492, 99, 124, 1),
(1493, 101, 124, 1),
(1494, 102, 124, 1),
(1495, 103, 124, 1),
(1496, 104, 124, 1),
(1497, 106, 124, 1),
(1498, 107, 124, 1),
(1499, 108, 74, 1),
(1500, 109, 74, 1),
(1501, 111, 74, 1),
(1502, 112, 74, 1),
(1503, 113, 74, 1),
(1504, 114, 74, 1),
(1505, 115, 74, 1),
(1506, 116, 74, 1),
(1507, 117, 74, 1),
(1508, 108, 75, 1),
(1509, 109, 75, 1),
(1510, 110, 75, 1),
(1511, 111, 75, 1),
(1512, 112, 75, 1),
(1513, 113, 75, 1),
(1514, 114, 75, 1),
(1515, 116, 75, 1),
(1516, 117, 75, 1),
(1517, 109, 76, 1),
(1518, 111, 76, 1),
(1519, 114, 76, 1),
(1520, 116, 76, 1),
(1521, 117, 76, 1),
(1522, 108, 77, 1),
(1523, 110, 77, 1),
(1524, 111, 77, 1),
(1525, 113, 77, 1),
(1526, 114, 77, 1),
(1527, 115, 77, 1),
(1528, 116, 77, 1),
(1529, 108, 78, 1),
(1530, 109, 78, 1),
(1531, 111, 78, 1),
(1532, 112, 78, 1),
(1533, 113, 78, 1),
(1534, 114, 78, 1),
(1535, 115, 78, 1),
(1536, 116, 78, 1),
(1537, 117, 78, 1),
(1538, 108, 79, 1),
(1539, 109, 79, 1),
(1540, 111, 79, 1),
(1541, 113, 79, 1),
(1542, 114, 79, 1),
(1543, 116, 79, 1),
(1544, 117, 79, 1),
(1545, 108, 80, 1),
(1546, 109, 80, 1),
(1547, 110, 80, 1),
(1548, 111, 80, 1),
(1549, 112, 80, 1),
(1550, 113, 80, 1),
(1551, 114, 80, 1),
(1552, 115, 80, 1),
(1553, 116, 80, 1),
(1554, 117, 80, 1),
(1555, 108, 81, 1),
(1556, 109, 81, 1),
(1557, 110, 81, 1),
(1558, 111, 81, 1),
(1559, 112, 81, 1),
(1560, 113, 81, 1),
(1561, 114, 81, 1),
(1562, 115, 81, 1),
(1563, 116, 81, 1),
(1564, 117, 81, 1),
(1565, 108, 82, 1),
(1566, 109, 82, 1),
(1567, 110, 82, 1),
(1568, 111, 82, 1),
(1569, 112, 82, 1),
(1570, 113, 82, 1),
(1571, 114, 82, 1),
(1572, 115, 82, 1),
(1573, 116, 82, 1),
(1574, 117, 82, 1),
(1575, 108, 83, 1),
(1576, 109, 83, 1),
(1577, 110, 83, 1),
(1578, 111, 83, 1),
(1579, 112, 83, 1),
(1580, 113, 83, 1),
(1581, 114, 83, 1),
(1582, 115, 83, 1),
(1583, 116, 83, 1),
(1584, 117, 83, 1),
(1585, 108, 84, 1),
(1586, 109, 84, 1),
(1587, 110, 84, 1),
(1588, 111, 84, 1),
(1589, 112, 84, 1),
(1590, 113, 84, 1),
(1591, 114, 84, 1),
(1592, 115, 84, 1),
(1593, 116, 84, 1),
(1594, 117, 84, 1),
(1595, 109, 85, 1),
(1596, 110, 85, 1),
(1597, 111, 85, 1),
(1598, 112, 85, 1),
(1599, 113, 85, 1),
(1600, 114, 85, 1),
(1601, 116, 85, 1),
(1602, 117, 85, 1),
(1603, 108, 86, 1),
(1604, 110, 86, 1),
(1605, 111, 86, 1),
(1606, 112, 86, 1),
(1607, 113, 86, 1),
(1608, 114, 86, 1),
(1609, 115, 86, 1),
(1610, 116, 86, 1),
(1611, 117, 86, 1),
(1612, 110, 87, 1),
(1613, 111, 87, 1),
(1614, 114, 87, 1),
(1615, 108, 88, 1),
(1616, 109, 88, 1),
(1617, 110, 88, 1),
(1618, 111, 88, 1),
(1619, 112, 88, 1),
(1620, 113, 88, 1),
(1621, 114, 88, 1),
(1622, 115, 88, 1),
(1623, 116, 88, 1),
(1624, 117, 88, 1),
(1625, 108, 89, 1),
(1626, 109, 89, 1),
(1627, 110, 89, 1),
(1628, 111, 89, 1),
(1629, 112, 89, 1),
(1630, 113, 89, 1),
(1631, 114, 89, 1),
(1632, 115, 89, 1),
(1633, 116, 89, 1),
(1634, 117, 89, 1),
(1635, 108, 90, 1),
(1636, 109, 90, 1),
(1637, 110, 90, 1),
(1638, 111, 90, 1),
(1639, 112, 90, 1),
(1640, 113, 90, 1),
(1641, 114, 90, 1),
(1642, 115, 90, 1),
(1643, 116, 90, 1),
(1644, 117, 90, 1),
(1645, 108, 91, 1),
(1646, 109, 91, 1),
(1647, 111, 91, 1),
(1648, 112, 91, 1),
(1649, 113, 91, 1),
(1650, 114, 91, 1),
(1651, 116, 91, 1),
(1652, 117, 91, 1),
(1653, 108, 92, 1),
(1654, 109, 92, 1),
(1655, 110, 92, 1),
(1656, 111, 92, 1),
(1657, 112, 92, 1),
(1658, 113, 92, 1),
(1659, 114, 92, 1),
(1660, 115, 92, 1),
(1661, 116, 92, 1),
(1662, 117, 92, 1),
(1663, 108, 93, 1),
(1664, 109, 93, 1),
(1665, 110, 93, 1),
(1666, 111, 93, 1),
(1667, 112, 93, 1),
(1668, 113, 93, 1),
(1669, 114, 93, 1),
(1670, 115, 93, 1),
(1671, 116, 93, 1),
(1672, 117, 93, 1),
(1673, 108, 94, 1),
(1674, 109, 94, 1),
(1675, 110, 94, 1),
(1676, 111, 94, 1),
(1677, 112, 94, 1),
(1678, 114, 94, 1),
(1679, 108, 95, 1),
(1680, 109, 95, 1),
(1681, 110, 95, 1),
(1682, 111, 95, 1),
(1683, 112, 95, 1),
(1684, 113, 95, 1),
(1685, 114, 95, 1),
(1686, 115, 95, 1),
(1687, 116, 95, 1),
(1688, 117, 95, 1),
(1689, 117, 96, 1),
(1690, 116, 96, 1),
(1691, 115, 96, 1),
(1692, 114, 96, 1),
(1693, 113, 96, 1),
(1694, 112, 96, 1),
(1695, 111, 96, 1),
(1696, 108, 97, 1),
(1697, 111, 97, 1),
(1698, 112, 97, 1),
(1699, 113, 97, 1),
(1700, 114, 97, 1),
(1701, 115, 97, 1),
(1702, 116, 97, 1),
(1703, 117, 97, 1),
(1704, 108, 98, 1),
(1705, 109, 98, 1),
(1706, 110, 98, 1),
(1707, 111, 98, 1),
(1708, 112, 98, 1),
(1709, 113, 98, 1),
(1710, 114, 98, 1),
(1711, 115, 98, 1),
(1712, 116, 98, 1),
(1713, 117, 98, 1),
(1714, 108, 99, 1),
(1715, 110, 99, 1),
(1716, 111, 99, 1),
(1717, 114, 99, 1),
(1718, 118, 74, 1),
(1719, 120, 74, 1),
(1720, 124, 74, 1),
(1721, 123, 74, 1),
(1722, 122, 74, 1),
(1723, 118, 75, 1),
(1724, 119, 75, 1),
(1725, 120, 75, 1),
(1726, 121, 75, 1),
(1727, 122, 75, 1),
(1728, 123, 75, 1),
(1729, 124, 75, 1),
(1730, 119, 76, 1),
(1731, 120, 76, 1),
(1732, 122, 76, 1),
(1733, 123, 76, 1),
(1734, 118, 77, 1),
(1735, 119, 77, 1),
(1736, 120, 77, 1),
(1737, 121, 77, 1),
(1738, 122, 77, 1),
(1739, 123, 77, 1),
(1740, 124, 77, 1),
(1741, 125, 77, 1),
(1742, 119, 78, 1),
(1743, 120, 78, 1),
(1744, 122, 78, 1),
(1745, 123, 78, 1),
(1746, 124, 78, 1),
(1747, 125, 78, 1),
(1748, 118, 79, 1),
(1749, 122, 79, 1),
(1750, 123, 79, 1),
(1751, 125, 79, 1),
(1752, 118, 80, 1),
(1753, 119, 80, 1),
(1754, 120, 80, 1),
(1755, 121, 80, 1),
(1756, 122, 80, 1),
(1757, 123, 80, 1),
(1758, 124, 80, 1),
(1759, 125, 80, 1),
(1760, 118, 81, 1),
(1761, 119, 81, 1),
(1762, 120, 81, 1),
(1763, 121, 81, 1),
(1764, 122, 81, 1),
(1765, 123, 81, 1),
(1766, 124, 81, 1),
(1767, 125, 81, 1),
(1768, 118, 82, 1),
(1769, 120, 82, 1),
(1770, 121, 82, 1),
(1771, 122, 82, 1),
(1772, 123, 82, 1),
(1773, 124, 82, 1),
(1774, 125, 82, 1),
(1775, 118, 83, 1),
(1776, 119, 83, 1),
(1777, 120, 83, 1),
(1778, 121, 83, 1),
(1779, 122, 83, 1),
(1780, 123, 83, 1),
(1781, 124, 83, 1),
(1782, 125, 83, 1),
(1783, 118, 84, 1),
(1784, 119, 84, 1),
(1785, 120, 84, 1),
(1786, 121, 84, 1),
(1787, 122, 84, 1),
(1788, 123, 84, 1),
(1789, 124, 84, 1),
(1790, 125, 84, 1),
(1791, 119, 85, 1),
(1792, 122, 85, 1),
(1793, 123, 85, 1),
(1794, 124, 85, 1),
(1795, 118, 86, 1),
(1796, 119, 86, 1),
(1797, 120, 86, 1),
(1798, 121, 86, 1),
(1799, 122, 86, 1),
(1800, 123, 86, 1),
(1801, 124, 86, 1),
(1802, 125, 86, 1),
(1803, 122, 87, 1),
(1804, 118, 88, 1),
(1805, 119, 88, 1),
(1806, 120, 88, 1),
(1807, 121, 88, 1),
(1808, 122, 88, 1),
(1809, 123, 88, 1),
(1810, 124, 88, 1),
(1811, 118, 89, 1),
(1812, 119, 89, 1),
(1813, 120, 89, 1),
(1814, 121, 89, 1),
(1815, 122, 89, 1),
(1816, 123, 89, 1),
(1817, 124, 89, 1),
(1818, 125, 89, 1),
(1819, 118, 90, 1),
(1820, 119, 90, 1),
(1821, 120, 90, 1),
(1822, 121, 90, 1),
(1823, 122, 90, 1),
(1824, 123, 90, 1),
(1825, 124, 90, 1),
(1826, 125, 90, 1),
(1827, 118, 91, 1),
(1828, 119, 91, 1),
(1829, 120, 91, 1),
(1830, 122, 91, 1),
(1831, 123, 91, 1),
(1832, 124, 91, 1),
(1833, 118, 92, 1),
(1834, 119, 92, 1),
(1835, 120, 92, 1),
(1836, 121, 92, 1),
(1837, 122, 92, 1),
(1838, 123, 92, 1),
(1839, 124, 92, 1),
(1840, 125, 92, 1),
(1841, 118, 93, 1),
(1842, 119, 93, 1),
(1843, 120, 93, 1),
(1844, 121, 93, 1),
(1845, 122, 93, 1),
(1846, 123, 93, 1),
(1847, 124, 93, 1),
(1848, 125, 93, 1),
(1849, 118, 94, 1),
(1850, 119, 94, 1),
(1851, 120, 94, 1),
(1852, 121, 94, 1),
(1853, 122, 94, 1),
(1854, 123, 94, 1),
(1855, 118, 95, 1),
(1856, 120, 95, 1),
(1857, 121, 95, 1),
(1858, 122, 95, 1),
(1859, 123, 95, 1),
(1860, 124, 95, 1),
(1861, 125, 95, 1),
(1862, 122, 96, 1),
(1863, 123, 96, 1),
(1864, 125, 96, 1),
(1865, 118, 97, 1),
(1866, 120, 97, 1),
(1867, 122, 97, 1),
(1868, 123, 97, 1),
(1869, 124, 97, 1),
(1870, 125, 97, 1),
(1871, 118, 98, 1),
(1872, 119, 98, 1),
(1873, 120, 98, 1),
(1874, 121, 98, 1),
(1875, 122, 98, 1),
(1876, 123, 98, 1),
(1877, 124, 98, 1),
(1878, 125, 98, 1),
(1879, 119, 99, 1),
(1880, 122, 99, 1),
(1881, 7, 38, 1),
(1882, 8, 38, 1),
(1883, 42, 38, 1),
(1884, 43, 38, 1),
(1885, 49, 38, 1),
(1886, 51, 38, 1),
(1887, 52, 38, 1),
(1888, 53, 38, 1),
(1889, 57, 38, 1),
(1890, 58, 38, 1),
(1891, 59, 38, 1),
(1892, 6, 38, 1),
(1893, 13, 38, 1),
(1894, 127, 100, 1),
(1895, 128, 100, 1),
(1896, 129, 100, 1),
(1897, 130, 100, 1),
(1898, 131, 100, 0),
(1899, 132, 100, 1),
(1900, 132, 101, 1),
(1901, 130, 101, 1),
(1902, 129, 101, 1),
(1903, 128, 101, 1),
(1904, 126, 101, 1),
(1905, 126, 102, 1),
(1906, 127, 102, 1),
(1907, 128, 102, 1),
(1908, 129, 102, 1),
(1909, 130, 102, 1),
(1910, 131, 102, 1),
(1911, 132, 102, 1),
(1912, 126, 104, 1),
(1913, 127, 104, 1),
(1914, 128, 104, 1),
(1915, 129, 104, 1),
(1916, 130, 104, 1),
(1917, 131, 104, 1),
(1918, 132, 104, 1),
(1919, 133, 104, 1),
(1920, 126, 105, 1),
(1921, 128, 105, 1),
(1922, 130, 105, 1),
(1923, 128, 106, 0),
(1924, 129, 106, 0),
(1925, 131, 106, 0),
(1926, 127, 106, 1),
(1927, 126, 106, 1),
(1928, 130, 106, 1),
(1929, 132, 106, 1),
(1930, 133, 106, 1),
(1931, 126, 107, 1),
(1932, 127, 107, 1),
(1933, 128, 107, 1),
(1934, 132, 108, 1),
(1935, 126, 109, 1),
(1936, 127, 109, 1),
(1937, 128, 109, 1),
(1938, 130, 109, 1),
(1939, 126, 110, 1),
(1940, 127, 110, 1),
(1941, 128, 110, 1),
(1942, 129, 110, 1),
(1943, 130, 110, 1),
(1944, 131, 110, 1),
(1945, 132, 110, 1),
(1946, 133, 110, 1),
(1947, 126, 111, 1),
(1948, 128, 111, 1),
(1949, 129, 111, 1),
(1950, 131, 111, 1),
(1951, 132, 111, 1),
(1952, 133, 111, 1),
(1953, 130, 112, 1),
(1954, 130, 113, 1),
(1955, 126, 114, 1),
(1956, 126, 115, 1),
(1957, 127, 115, 1),
(1958, 128, 115, 1),
(1959, 129, 115, 1),
(1960, 130, 115, 1),
(1961, 131, 115, 1),
(1962, 132, 115, 1),
(1963, 133, 115, 1),
(1964, 126, 116, 1),
(1965, 128, 116, 1),
(1966, 129, 116, 1),
(1967, 130, 116, 1),
(1968, 131, 116, 1),
(1969, 132, 116, 1),
(1970, 133, 116, 1),
(1971, 126, 118, 1),
(1972, 127, 118, 1),
(1973, 128, 118, 1),
(1974, 129, 118, 1),
(1975, 130, 118, 1),
(1976, 131, 118, 1),
(1977, 132, 118, 1),
(1978, 133, 118, 1),
(1979, 127, 119, 1),
(1980, 126, 119, 1),
(1981, 130, 120, 1),
(1982, 132, 120, 1),
(1983, 133, 120, 1),
(1984, 132, 121, 1),
(1985, 132, 122, 1),
(1986, 131, 122, 1),
(1987, 130, 122, 1),
(1988, 129, 122, 1),
(1989, 127, 122, 1),
(1990, 126, 122, 1),
(1991, 128, 123, 1),
(1992, 126, 123, 1),
(1993, 126, 124, 1),
(1994, 127, 124, 1),
(1995, 128, 124, 1),
(1996, 130, 124, 1),
(1997, 131, 124, 1),
(1998, 132, 124, 1),
(1999, 133, 124, 1),
(2005, 137, 126, 0),
(2006, 138, 126, 1),
(2007, 140, 126, 1),
(2008, 134, 127, 1),
(2009, 137, 127, 1),
(2010, 138, 127, 1),
(2011, 142, 127, 1),
(2012, 140, 127, 1),
(2013, 137, 128, 1),
(2014, 134, 128, 1),
(2015, 134, 129, 1),
(2016, 137, 129, 1),
(2017, 138, 129, 1),
(2018, 142, 129, 1),
(2019, 140, 129, 1),
(2020, 142, 130, 1),
(2021, 140, 130, 1),
(2022, 134, 131, 1),
(2023, 137, 131, 1),
(2024, 142, 131, 1),
(2025, 140, 131, 1),
(2026, 134, 133, 1),
(2027, 137, 134, 1),
(2028, 142, 134, 1),
(2029, 134, 134, 1),
(2030, 138, 135, 1),
(2031, 137, 136, 1),
(2032, 142, 136, 1),
(2033, 137, 137, 1),
(2034, 138, 137, 1),
(2035, 142, 137, 1),
(2036, 140, 137, 1),
(2037, 134, 138, 1),
(2038, 142, 138, 1),
(2039, 134, 140, 1),
(2040, 137, 140, 1),
(2041, 138, 140, 1),
(2042, 142, 140, 1),
(2043, 134, 141, 1),
(2044, 142, 141, 1),
(2045, 140, 141, 1),
(2046, 134, 142, 1),
(2047, 137, 142, 1),
(2048, 138, 142, 1),
(2049, 140, 142, 1),
(2050, 142, 142, 1),
(2051, 134, 143, 1),
(2052, 137, 143, 1),
(2053, 138, 143, 1),
(2054, 142, 143, 1),
(2055, 140, 143, 1),
(2056, 134, 144, 1),
(2057, 138, 144, 1),
(2058, 138, 145, 1),
(2059, 134, 146, 1),
(2060, 142, 146, 1),
(2061, 134, 148, 1),
(2062, 137, 148, 1),
(2063, 138, 148, 1),
(2064, 143, 100, 1),
(2065, 144, 100, 1),
(2066, 145, 100, 1),
(2067, 143, 101, 1),
(2068, 146, 101, 1),
(2069, 143, 102, 1),
(2070, 144, 102, 1),
(2071, 145, 102, 1),
(2072, 146, 102, 1),
(2073, 147, 102, 1),
(2074, 143, 104, 1),
(2075, 144, 104, 1),
(2076, 145, 104, 1),
(2077, 146, 104, 1),
(2078, 147, 104, 1),
(2079, 143, 106, 1),
(2080, 144, 106, 1),
(2081, 146, 106, 1),
(2082, 147, 107, 1),
(2083, 146, 108, 1),
(2084, 147, 109, 1),
(2085, 143, 110, 1),
(2086, 144, 110, 1),
(2087, 145, 110, 1),
(2088, 146, 110, 1),
(2089, 146, 111, 1),
(2090, 145, 111, 1),
(2091, 144, 111, 1),
(2092, 143, 111, 1),
(2093, 145, 115, 1),
(2094, 144, 115, 1),
(2095, 143, 115, 1),
(2096, 147, 116, 1),
(2097, 146, 116, 1),
(2098, 145, 116, 1),
(2099, 143, 116, 1),
(2100, 143, 118, 1),
(2101, 144, 118, 1),
(2102, 145, 118, 1),
(2103, 146, 118, 1),
(2104, 147, 118, 1),
(2105, 146, 119, 1),
(2106, 144, 119, 1),
(2107, 143, 119, 1),
(2108, 146, 120, 1),
(2109, 146, 121, 1),
(2110, 147, 122, 1),
(2111, 146, 122, 1),
(2112, 145, 122, 1),
(2113, 144, 122, 1),
(2114, 143, 122, 1),
(2115, 144, 124, 1),
(2116, 145, 124, 1),
(2117, 146, 124, 1),
(2118, 147, 124, 1),
(2119, 150, 126, 1),
(2120, 154, 126, 1),
(2121, 148, 127, 1),
(2122, 149, 127, 1),
(2123, 150, 127, 1),
(2124, 152, 127, 1),
(2125, 153, 127, 1),
(2126, 154, 127, 1),
(2127, 152, 128, 1),
(2128, 153, 128, 1),
(2129, 148, 129, 1),
(2130, 149, 129, 1),
(2131, 150, 129, 1),
(2133, 152, 129, 1),
(2134, 153, 129, 1),
(2135, 154, 129, 1),
(2136, 149, 130, 1),
(2137, 150, 130, 0),
(2138, 152, 130, 1),
(2139, 153, 130, 1),
(2140, 154, 130, 1),
(2141, 148, 131, 1),
(2142, 149, 131, 1),
(2144, 152, 131, 1),
(2145, 153, 131, 1),
(2146, 154, 131, 1),
(2148, 155, 129, 1),
(2149, 152, 132, 1),
(2150, 152, 133, 1),
(2151, 149, 134, 1),
(2152, 150, 134, 1),
(2153, 149, 135, 1),
(2154, 150, 135, 1),
(2155, 150, 136, 1),
(2156, 152, 136, 1),
(2157, 153, 136, 1),
(2158, 148, 137, 1),
(2159, 150, 137, 1),
(2160, 152, 137, 1),
(2161, 153, 137, 1),
(2162, 149, 138, 1),
(2163, 152, 138, 1),
(2164, 153, 138, 1),
(2165, 149, 139, 1),
(2166, 153, 140, 1),
(2167, 152, 140, 1),
(2168, 155, 140, 1),
(2169, 150, 140, 1),
(2170, 149, 140, 1),
(2171, 148, 140, 1),
(2172, 154, 141, 1),
(2173, 149, 141, 1),
(2174, 148, 141, 1),
(2175, 154, 142, 1),
(2176, 153, 142, 1),
(2177, 152, 142, 1),
(2178, 155, 142, 1),
(2179, 150, 142, 1),
(2180, 149, 142, 1),
(2181, 148, 142, 1),
(2182, 154, 143, 1),
(2183, 153, 143, 1),
(2184, 152, 143, 1),
(2185, 150, 143, 1),
(2186, 148, 143, 1),
(2187, 148, 144, 1),
(2188, 149, 144, 1),
(2189, 150, 144, 1),
(2190, 149, 146, 1),
(2191, 155, 146, 1),
(2192, 152, 146, 1),
(2193, 153, 146, 1),
(2194, 149, 147, 1),
(2195, 150, 147, 1),
(2196, 155, 147, 1),
(2197, 152, 147, 1),
(2198, 153, 147, 1),
(2199, 149, 148, 1),
(2200, 152, 148, 1),
(2201, 153, 148, 1),
(2202, 105, 104, 1),
(2203, 82, 135, 1),
(2204, 83, 135, 1),
(2205, 85, 135, 1),
(2206, 86, 135, 1),
(2207, 63, 72, 1),
(2208, 65, 72, 1),
(2209, 60, 72, 1),
(2210, 14, 72, 1),
(2211, 76, 72, 1),
(2212, 23, 75, 1),
(2213, 22, 75, 1),
(2214, 79, 75, 1);

--
-- Индексы сохранённых таблиц
--

--
-- Индексы таблицы `courses`
--
ALTER TABLE `courses`
  ADD PRIMARY KEY (`course_id`);

--
-- Индексы таблицы `courses_group`
--
ALTER TABLE `courses_group`
  ADD PRIMARY KEY (`courses_group_id`),
  ADD KEY `course_id` (`course_id`),
  ADD KEY `groupe_id` (`group_id`);

--
-- Индексы таблицы `groups`
--
ALTER TABLE `groups`
  ADD PRIMARY KEY (`group_id`);

--
-- Индексы таблицы `lessons`
--
ALTER TABLE `lessons`
  ADD PRIMARY KEY (`lesson_id`),
  ADD KEY `course_id` (`course_id`);

--
-- Индексы таблицы `lessons_group`
--
ALTER TABLE `lessons_group`
  ADD PRIMARY KEY (`lessons_group_id`),
  ADD KEY `lesson_id` (`lesson_id`),
  ADD KEY `group_id` (`group_id`);

--
-- Индексы таблицы `lessons_group_student`
--
ALTER TABLE `lessons_group_student`
  ADD PRIMARY KEY (`lessons_group_student_id`),
  ADD KEY `lessons_group_id` (`lessons_group_id`),
  ADD KEY `student_id` (`student_id`);

--
-- Индексы таблицы `students`
--
ALTER TABLE `students`
  ADD PRIMARY KEY (`student_id`),
  ADD KEY `groupe_id` (`group_id`);

--
-- Индексы таблицы `tests`
--
ALTER TABLE `tests`
  ADD PRIMARY KEY (`test_id`),
  ADD KEY `course_id` (`course_id`);

--
-- Индексы таблицы `tests_group`
--
ALTER TABLE `tests_group`
  ADD PRIMARY KEY (`tests_group_id`),
  ADD KEY `test_id` (`test_id`),
  ADD KEY `group_id` (`group_id`);

--
-- Индексы таблицы `tests_group_student`
--
ALTER TABLE `tests_group_student`
  ADD PRIMARY KEY (`tests_group_student_id`),
  ADD KEY `tests_group_id` (`tests_group_id`),
  ADD KEY `student_id` (`student_id`);

--
-- Индексы таблицы `users`
--
ALTER TABLE `users`
  ADD PRIMARY KEY (`user_id`);

--
-- Индексы таблицы `visits`
--
ALTER TABLE `visits`
  ADD PRIMARY KEY (`visit_id`),
  ADD KEY `course_id` (`course_id`),
  ADD KEY `group_id` (`group_id`);

--
-- Индексы таблицы `visits_group_student`
--
ALTER TABLE `visits_group_student`
  ADD PRIMARY KEY (`visits_group_student_id`),
  ADD KEY `visit_id` (`visit_id`),
  ADD KEY `student_id` (`student_id`);

--
-- AUTO_INCREMENT для сохранённых таблиц
--

--
-- AUTO_INCREMENT для таблицы `courses`
--
ALTER TABLE `courses`
  MODIFY `course_id` int NOT NULL AUTO_INCREMENT, AUTO_INCREMENT=16;

--
-- AUTO_INCREMENT для таблицы `courses_group`
--
ALTER TABLE `courses_group`
  MODIFY `courses_group_id` int NOT NULL AUTO_INCREMENT, AUTO_INCREMENT=57;

--
-- AUTO_INCREMENT для таблицы `groups`
--
ALTER TABLE `groups`
  MODIFY `group_id` int NOT NULL AUTO_INCREMENT, AUTO_INCREMENT=23;

--
-- AUTO_INCREMENT для таблицы `lessons`
--
ALTER TABLE `lessons`
  MODIFY `lesson_id` int NOT NULL AUTO_INCREMENT, AUTO_INCREMENT=206;

--
-- AUTO_INCREMENT для таблицы `lessons_group`
--
ALTER TABLE `lessons_group`
  MODIFY `lessons_group_id` int NOT NULL AUTO_INCREMENT, AUTO_INCREMENT=384;

--
-- AUTO_INCREMENT для таблицы `lessons_group_student`
--
ALTER TABLE `lessons_group_student`
  MODIFY `lessons_group_student_id` int NOT NULL AUTO_INCREMENT, AUTO_INCREMENT=3764;

--
-- AUTO_INCREMENT для таблицы `students`
--
ALTER TABLE `students`
  MODIFY `student_id` int NOT NULL AUTO_INCREMENT, AUTO_INCREMENT=150;

--
-- AUTO_INCREMENT для таблицы `tests`
--
ALTER TABLE `tests`
  MODIFY `test_id` int NOT NULL AUTO_INCREMENT, AUTO_INCREMENT=31;

--
-- AUTO_INCREMENT для таблицы `tests_group`
--
ALTER TABLE `tests_group`
  MODIFY `tests_group_id` int NOT NULL AUTO_INCREMENT, AUTO_INCREMENT=68;

--
-- AUTO_INCREMENT для таблицы `tests_group_student`
--
ALTER TABLE `tests_group_student`
  MODIFY `tests_group_student_id` int NOT NULL AUTO_INCREMENT, AUTO_INCREMENT=1012;

--
-- AUTO_INCREMENT для таблицы `users`
--
ALTER TABLE `users`
  MODIFY `user_id` int NOT NULL AUTO_INCREMENT, AUTO_INCREMENT=2;

--
-- AUTO_INCREMENT для таблицы `visits`
--
ALTER TABLE `visits`
  MODIFY `visit_id` int NOT NULL AUTO_INCREMENT, AUTO_INCREMENT=156;

--
-- AUTO_INCREMENT для таблицы `visits_group_student`
--
ALTER TABLE `visits_group_student`
  MODIFY `visits_group_student_id` int NOT NULL AUTO_INCREMENT, AUTO_INCREMENT=2215;

--
-- Ограничения внешнего ключа сохраненных таблиц
--

--
-- Ограничения внешнего ключа таблицы `courses_group`
--
ALTER TABLE `courses_group`
  ADD CONSTRAINT `courses_group_ibfk_1` FOREIGN KEY (`course_id`) REFERENCES `courses` (`course_id`) ON DELETE CASCADE ON UPDATE CASCADE,
  ADD CONSTRAINT `courses_group_ibfk_2` FOREIGN KEY (`group_id`) REFERENCES `groups` (`group_id`) ON DELETE CASCADE ON UPDATE CASCADE;

--
-- Ограничения внешнего ключа таблицы `lessons`
--
ALTER TABLE `lessons`
  ADD CONSTRAINT `lessons_ibfk_1` FOREIGN KEY (`course_id`) REFERENCES `courses` (`course_id`) ON DELETE CASCADE ON UPDATE CASCADE;

--
-- Ограничения внешнего ключа таблицы `lessons_group`
--
ALTER TABLE `lessons_group`
  ADD CONSTRAINT `lessons_group_ibfk_1` FOREIGN KEY (`group_id`) REFERENCES `groups` (`group_id`) ON DELETE CASCADE ON UPDATE CASCADE,
  ADD CONSTRAINT `lessons_group_ibfk_2` FOREIGN KEY (`lesson_id`) REFERENCES `lessons` (`lesson_id`) ON DELETE CASCADE ON UPDATE CASCADE;

--
-- Ограничения внешнего ключа таблицы `lessons_group_student`
--
ALTER TABLE `lessons_group_student`
  ADD CONSTRAINT `lessons_group_student_ibfk_1` FOREIGN KEY (`lessons_group_id`) REFERENCES `lessons_group` (`lessons_group_id`) ON DELETE CASCADE ON UPDATE CASCADE,
  ADD CONSTRAINT `lessons_group_student_ibfk_2` FOREIGN KEY (`student_id`) REFERENCES `students` (`student_id`) ON DELETE CASCADE ON UPDATE CASCADE;

--
-- Ограничения внешнего ключа таблицы `students`
--
ALTER TABLE `students`
  ADD CONSTRAINT `students_ibfk_1` FOREIGN KEY (`group_id`) REFERENCES `groups` (`group_id`) ON DELETE CASCADE ON UPDATE CASCADE;

--
-- Ограничения внешнего ключа таблицы `tests`
--
ALTER TABLE `tests`
  ADD CONSTRAINT `tests_ibfk_1` FOREIGN KEY (`course_id`) REFERENCES `courses` (`course_id`) ON DELETE CASCADE ON UPDATE CASCADE;

--
-- Ограничения внешнего ключа таблицы `tests_group`
--
ALTER TABLE `tests_group`
  ADD CONSTRAINT `tests_group_ibfk_1` FOREIGN KEY (`test_id`) REFERENCES `tests` (`test_id`) ON DELETE CASCADE ON UPDATE CASCADE,
  ADD CONSTRAINT `tests_group_ibfk_2` FOREIGN KEY (`group_id`) REFERENCES `groups` (`group_id`) ON DELETE CASCADE ON UPDATE CASCADE;

--
-- Ограничения внешнего ключа таблицы `tests_group_student`
--
ALTER TABLE `tests_group_student`
  ADD CONSTRAINT `tests_group_student_ibfk_1` FOREIGN KEY (`tests_group_id`) REFERENCES `tests_group` (`tests_group_id`) ON DELETE CASCADE ON UPDATE CASCADE,
  ADD CONSTRAINT `tests_group_student_ibfk_2` FOREIGN KEY (`student_id`) REFERENCES `students` (`student_id`) ON DELETE CASCADE ON UPDATE CASCADE;

--
-- Ограничения внешнего ключа таблицы `visits`
--
ALTER TABLE `visits`
  ADD CONSTRAINT `visits_ibfk_1` FOREIGN KEY (`course_id`) REFERENCES `courses` (`course_id`) ON DELETE CASCADE ON UPDATE CASCADE,
  ADD CONSTRAINT `visits_ibfk_2` FOREIGN KEY (`group_id`) REFERENCES `groups` (`group_id`) ON DELETE CASCADE ON UPDATE CASCADE;

--
-- Ограничения внешнего ключа таблицы `visits_group_student`
--
ALTER TABLE `visits_group_student`
  ADD CONSTRAINT `visits_group_student_ibfk_1` FOREIGN KEY (`student_id`) REFERENCES `students` (`student_id`) ON DELETE CASCADE ON UPDATE CASCADE,
  ADD CONSTRAINT `visits_group_student_ibfk_2` FOREIGN KEY (`visit_id`) REFERENCES `visits` (`visit_id`) ON DELETE CASCADE ON UPDATE CASCADE;
COMMIT;

/*!40101 SET CHARACTER_SET_CLIENT=@OLD_CHARACTER_SET_CLIENT */;
/*!40101 SET CHARACTER_SET_RESULTS=@OLD_CHARACTER_SET_RESULTS */;
/*!40101 SET COLLATION_CONNECTION=@OLD_COLLATION_CONNECTION */;
